id,password,last_login,is_superuser,email,text_password,first_name,last_name,date_joined,is_staff,is_active,avatar,modified_datetime,created_datetime,end_datetime,reset_token,reset_token_datetime,contact_number,preferred_module,one_signal_device_id,associated_client_id,associated_entity_id,customer_id,gender_id,language_id,modified_by_id,role_id,status_id,type_id,user_image,username,pop_up_notification,employement_type,fcm_tokens,read_only,department,designation,is_first_time_login,fuel,id,name,created_datetime,modified_datetime,end_datetime,assignments,speed,volume,density,temperature,location,registration,engine_number,chassis_number,make,model,color,year,odo_reading,engine_capacity,wheels,volume_capacity,date_commissioned,obd2_compliant,cnic,dob,date_of_joining,salary,photo,description,source_address,destination_address,destination_latlong,source_latlong,job_start_datetime,job_end_datetime,territory,age,squad_number,weight,ethnicity,past_club,player_position,date_of_match,weather_forecast,lactation_days,last_breeding,start_time,end_time,skip_rate,imei_assign,breed_id,client_id,contracted_type_id,customer_id,device_name_id,entity_sub_type_id,fleet_id,gender_id,group_id,job_status_id,lactation_status_id,leased_owned_id,maintenance_type_id,marital_status_id,match_type_id,modified_by_id,module_id,routine_type_id,skip_size_id,status_id,territory_type_id,type_id,use_case_id,fuel_average,category_id,is_poi,maintenance_probability,driver_group_id,zone_access_type,shift,files_name,poi_radius,on_shift
506,pbkdf2_sha256$180000$KF2ZGDdUOSA5$FoEY88oYGWJWkGliB9ewLmqKK9VH2TyeU3G7Voa8YFQ=,2022-02-25 07:17:32.657466+00,,email@30072,Aa123456,naggooooooooo,"",2022-02-20 09:58:27.519687+00,1,1,"",,2022-02-20 09:58:27.519756+00,,S$CjJxYI6oCJvM7V5@02i6(fR4Qg2a,2022-02-20 09:58:27.65167+00,4694,1,,,558,9,,9,47,3,1,"0",public/no_image.png,email@25889,,,,,,,1,,558,naggooooooo edit,2022-02-20 09:58:27.301378+00,2022-04-24 08:01:44.997624+00,,"0",,,,,,,,,,,,,,,,,,,36821,1950-02-02,2022-02-04,67,avatars/WhatsApp_Image_2022-02-16_at_1.14.52_PM.jpeg,,,,,,,,,,,,,,,,,"0",,,,,,,,,9,,,,4,,,,,,6,,47,1,,,"0",,5,1,5,,,,,"0",1,"",50,
270,pbkdf2_sha256$180000$rf1wFJxDje26$t2Z/rc7ovMcjEd3Xr939wBTDLm65YJckqnXe8FABgn4=,,,alkhebra@gmail.com,12345678Q$a,Asraf,"",2021-11-07 09:12:04.776969+00,1,1,"",,2021-11-07 09:12:04.777043+00,,dAAgHu4JueGZd*S@XSpki9H(u0q15U,2021-11-07 09:12:04.935739+00,+9740000000000,1,,,299,58,,9,256,3,2,,public/no_image.png,alkhebra@gmail.com,1,,,,,,1,,299,Asraf,2021-11-07 09:12:04.732136+00,2021-11-27 22:30:04.37126+00,,"0",,,,,,,,,,,,,,,,,,,"00000",1950-02-01,2021-11-03,"0","",,,,,,,,,,,,,,,,,"0",,,,,,,,,58,,,,3,,,,,,6,,270,1,,,2,,5,1,5,,1,,,"0",1,"",50,
508,pbkdf2_sha256$180000$MbWaEJfK3XGT$frsgSY5B6a9muee4HyRUkfM8x4IsY5HZhmvzXkhw28M=,,,testdriver@yopmail.com,Aa123456@,isma,"",2022-02-20 14:31:50.585063+00,1,1,"",,2022-02-20 14:31:50.585122+00,,kH(qfFC67esJimb4$cLcPMQ8ketsWS,2022-02-20 14:31:50.705848+00,+97432423423,1,,,559,121,,9,283,3,1,,public/no_image.png,testdriver@yopmail.com,1,,,,,,1,,559,isma,2022-02-20 14:31:50.407185+00,2022-02-20 14:31:50.446187+00,,"0",,,,,,,,,,,,,,,,,,,234234,1950-02-07,2022-02-02,242342,avatars/Capture1.PNG,,,,,,,,,,,,,,,,,"0",,,,,,,,,121,,,,3,,,,,,6,,283,1,,,1,,5,1,5,,,,,"0",1,"",50,
304,pbkdf2_sha256$180000$g38NW1Ojg8kI$4VVv4+F+wV7tDtzTj1S0nl1xKS7pSW+CdbtMp1GMb0Y=,,,email@64636,Aa123456@,Driver,"",2021-11-18 20:01:16.669811+00,1,1,"",,2021-11-18 20:01:16.669898+00,,bt$Rvs)62lA)Ap$U16l)((DC4EsBLS,2021-11-18 20:01:17.401636+00,10704,1,,,310,146,,9,303,3,1,"0",public/no_image.png,email@27179,1,,,,,,1,,310,Driver,2021-11-18 20:01:16.356001+00,2022-03-14 08:09:04.659597+00,,"0",,,,,,,,,,,,,,,,,,,98515,1950-02-02,2021-11-03,2000,"",,,,,,,,,,,,,,,,,"0",,,,,,,,,146,,,,3,,,,,,8,,304,1,,,"0",,5,1,5,,,,,"0",1,"",50,1
328,pbkdf2_sha256$180000$mDAjyFk7eZM6$ZZ5adUy4Y6u7npIJXGNFCvW9QwCKk5pKl3LflvEORVU=,2021-11-28 18:42:07.081787+00,,mfaisalm.120@gmail.com,Faisal@123456,Faisal,"",2021-11-28 18:05:46.991948+00,1,1,"",,2021-11-28 18:05:46.991993+00,,@oZQtSHv9joP2$3f*yQe3dFDhFprHP,2021-11-28 18:05:47.102201+00,+97430589174,1,,,349,21,,9,78,3,1,,public/no_image.png,mfaisalm.120@gmail.com,1,,e2qoxaJLRQW2EI8gGHbLE5:APA91bEaxRrlGaz_tlnHub3uIXsB00cUzP7DsaungxydH6HQynWV5KbVZ_q-ltznrxrhAnokQFyCdHLkK7RT_lptbAIDMiGqP_aChOZCmomMyiQlbQnPrfVKUrszG8q2pa_sQU-yIRja,,,,1,,349,Faisal,2021-11-28 18:05:46.955661+00,2021-11-29 14:30:04.420064+00,,"0",,,,,,,,,,,,,,,,,,,1234546,1950-03-28,2021-11-28,1234,"",,,,,,,,,,,,,,,,,"0",,,,,,,,,21,,,,3,,,,,,6,,328,1,,,1,,5,1,5,,,,,"0",1,"",50,
412,pbkdf2_sha256$180000$eUPTWssf7aP6$y0M5G6deImokxsPv9607mQRX/CS2N2hmLHikQpgUtdA=,,,naggo3@yopmail.com,Aa123456,nagina,"",2022-01-14 12:57:29.68345+00,1,1,"",,2022-01-14 12:57:29.683504+00,,NOxBj8ioB1D@HY1C6T1k7r6ZhMmqv0,2022-01-14 12:57:29.79689+00,+97444444442,1,,,472,203,,9,411,3,1,,public/no_image.png,naggo3@yopmail.com,1,,,,,,1,,472,nagina driver,2022-01-14 12:57:29.65211+00,2022-01-14 12:57:48.949497+00,,"0",,,,,,,,,,,,,,,,,,,3334,1950-02-01,2022-01-07,33,"",,,,,,,,,,,,,,,,,"0",,,,,,,,,203,,,,3,,,,,,6,,411,1,,,1,,5,1,5,,,,10,"0",1,"",50,
390,pbkdf2_sha256$180000$bwabvCABXWCe$d8KIK6JIt7pVJiWaI+NtGRg6a/EtKFZ2aOKWmxQV2fg=,,,aasd@ad.com,Test@123,createDriverTest,"",2021-12-30 12:03:00.960697+00,1,1,"",,2021-12-30 12:03:00.960744+00,,kx79o*QX0hd@plfh7kdARV)Jjoatb1,2021-12-30 12:03:01.07591+00,+974+9742314234234,1,,,448,195,,9,383,3,1,,public/no_image.png,aasd@ad.com,1,,,,,,1,,448,createDriverTest,2021-12-30 12:03:00.929741+00,2021-12-30 12:03:00.939524+00,,"0",,,,,,,,,,,,,,,,,,,312423423,1950-02-16,2021-12-04,231,"",,,,,,,,,,,,,,,,,"0",,,,,,,,,195,,,,3,,,,,,6,,383,1,,,1,,5,1,5,,,,,"0",1,"",50,
44,pbkdf2_sha256$180000$JdIcVJY0KiBo$OUdia0/Qz0MK1FApOG2RykzeUhFpoZA694Qz+JK2zOo=,,,huram@gmail.com,Aa123456,Huram,"",2021-05-30 11:14:14.307032+00,1,1,"",,2021-05-30 11:14:14.307104+00,,RHlq1*lHizQEOQ1BPMy)(Q!gqbfL$F,2021-05-30 11:14:14.426218+00,+97422332343,1,,,42,,,9,15,3,1,,public/no_image.png,huram@gmail.com,,,,,,,1,,42,Huram Farhan,2021-05-30 11:14:14.276121+00,2021-08-21 11:47:24.834639+00,,"0",,,,,,,,,,,,,,,,,,,1220016,1997-02-04,2018-03-02,22222,"",,,,,,,,,,,,,,,,,"0",,,,,,,,,,,,,4,,,,,,6,,44,1,,,"0",,5,1,5,,,,3,"0",1,"",50,
62,pbkdf2_sha256$180000$rq4cN8SVqZMw$Oq61H+/x/yxQYK7aWEQfSHHhz4UJzPA6yssiYzpQWnU=,,,email@82536,Password123#,xaxz,"",2021-06-11 13:40:14.247301+00,1,1,"",,2021-06-11 13:40:14.247366+00,,bF2e35*X@GzbWTGzWKRzkBp2JZIyc4,2021-06-11 13:40:14.388491+00,20731,1,,,151,9,,9,47,3,1,"0",public/no_image.png,email@46865,1,,,,,,1,,151,xaxz,2021-06-11 13:40:14.210083+00,2021-06-11 13:43:11.458418+00,,"0",,,,,,,,,,,,,,,,,,,24581,1998-03-11,2021-06-10,50000,"",,,,,,,,,,,,,,,,,"0",,,,,,,,,9,,,,3,,,,,,7,,47,1,,,"0",,5,1,5,,1,,,"0",1,"",50,
330,pbkdf2_sha256$180000$YkUSLLgAaZXr$q6hJKETg6s1KWaln7OUfnM4sZhCsZE8odHjnVxWLkKY=,2021-11-29 07:48:15.350331+00,,me@hi.com,Aa123456@,New,"",2021-11-29 07:43:10.380325+00,1,1,"",,2021-11-29 07:43:10.380382+00,,nYs60FLZahHCs)Hp5z(d0NkSGW6Cd*,2021-11-29 07:43:10.494461+00,+9740009990009,1,,,360,21,,9,78,3,1,,public/no_image.png,me@hi.com,1,,dH2BwiiAkEPWmqBfTSeHH0:APA91bHgMOup-Nw4n_A-GtPezk0F3MU_QsesYWpDl2otVvMlt6dXG9q9Z7LGrjNgDVsCyWcinVgaG1M_BjfWMH3r6vaqCdkl6aTsUPXpO6wDvTXqvzZxylHYDzbRmQdPuaXA12bwJKkT,,,,1,,360,New,2021-11-29 07:43:10.335931+00,2021-11-29 07:43:10.357788+00,,"0",,,,,,,,,,,,,,,,,,,"00990",1950-02-01,2021-11-03,700,"",,,,,,,,,,,,,,,,,"0",,,,,,,,,21,,,,3,,,,,,7,,78,1,,,1,,5,1,5,,,,,"0",1,"",50,
227,pbkdf2_sha256$180000$1vTwrhrfYvJL$uQ3X3BYYO1tS0jREBB4t+I5yM/gXavP4MJ/LfBu6Nnk=,,,email@811,Test@12345,New,"",2021-09-17 07:34:11.694897+00,1,1,"",,2021-09-17 07:34:11.694995+00,,IFQ6*6nLGm*0RB9t9V*nopfKs8ba)t,2021-09-17 07:34:12.368224+00,5248,1,,,276,21,,9,78,3,1,"0",public/no_image.png,email@14630,1,,,,,,1,,276,New Borrower,2021-09-17 07:34:11.457817+00,2021-09-17 07:34:18.713787+00,,"0",,,,,,,,,,,,,,,,,,,48983,1950-02-01,2021-09-01,1000,"",,,,,,,,,,,,,,,,,"0",,,,,,,,,21,,,,3,,,,,,6,,78,1,,,"0",,5,1,5,,,,,"0",1,"",50,
392,pbkdf2_sha256$180000$jceyA3nbvax9$vF3iVzOoM26E+0Nfatu0KtWgw801X5IVdlyPcfB22HY=,,,nextlevel@gmail.com,Aa123456,nextlevel,"",2021-12-30 14:00:21.433635+00,1,1,"",,2021-12-30 14:00:21.433691+00,,Ec3vvMRI3SHPMH3HxPMCd$wvJy8S)7,2021-12-30 14:00:21.545088+00,+974+9743333333333,1,,,450,105,,9,282,3,1,,public/no_image.png,nextlevel@gmail.com,1,,,,,,1,,450,nextlevel,2021-12-30 14:00:21.401548+00,2022-01-11 12:12:30.78237+00,,"0",,,,,,,,,,,,,,,,,,,3784378653845378,1962-02-08,2006-12-07,2222,"",,,,,,,,,,,,,,,,,"0",,,,,,,,,105,,,,3,,,,,,7,,282,1,,,1,,5,1,5,,1,,9,"0",1,"",50,
271,pbkdf2_sha256$180000$78li4zjHmDnk$9aBXcoBboWQWHuaklXvxXXV9RbY7GIr459+FojMPAS8=,,,alkhebra1@gmail.com,12345678Q$a,Samuel,"",2021-11-07 09:13:24.033363+00,1,1,"",,2021-11-07 09:13:24.033438+00,,XMS@Q5R6293DCElGpxDW6OmNJJfyGr,2021-11-07 09:13:24.191723+00,+9740000000001,1,,,300,58,,9,256,3,2,,public/no_image.png,alkhebra1@gmail.com,1,,,,,,1,,300,Samuel,2021-11-07 09:13:23.983747+00,2021-11-27 14:30:04.685219+00,,"0",,,,,,,,,,,,,,,,,,,"000",1950-02-01,2021-11-01,"0","",,,,,,,,,,,,,,,,,"0",,,,,,,,,58,,,,3,,,,,,8,,271,1,,,2,,5,1,5,,,,,"0",1,"",50,
63,pbkdf2_sha256$180000$Dx1SvdTtbOv0$CWnEf4SHM9wieGsszOGAdFC6PItuJkLvZRLdjZJEwwU=,,,email@88186,Hacker123#,aska,"",2021-06-11 13:44:38.029382+00,1,1,"",,2021-06-11 13:44:38.029443+00,,J4Ft8CJi1WRNr9kF0DBlgfSjZozufn,2021-06-11 13:44:38.153231+00,8360,1,,,152,9,,9,47,3,1,"0",public/no_image.png,email@19896,1,,c0fl_qkkd0xQr7u504Oc_7:APA91bER97NjDiNs-gLY8Nc93e6XtqfaDe16iZfr4d4FgZLjaC185t6zhCC3StTjVLJdkfztNAPdIyu3na5gqHYhiMmFtGfjM4yFrLPwpt4CYQUxyTI7uq-SvG9ZMUEsc9L7DPK9gfyx,,,,1,,152,aska,2021-06-11 13:44:37.993545+00,2022-04-24 08:11:30.267755+00,,"0",,,,,,,,,,,,,,,,,,,16683,1961-02-06,2021-06-15,44444444,"",,,,,,,,,,,,,,,,,"0",,,,,,,,,9,,,,3,,,,,,6,,47,1,,,"0",,5,1,5,,1,,,"0",1,"",50,
563,pbkdf2_sha256$180000$I3XEuKrDCa4w$wT19xcSqIpKEOlBM4Tvb6h6yDMhA2iGrwtQWpr+zE6w=,,,email@90152,Password@123,Moh,"",2022-03-14 09:30:09.259199+00,1,1,"",,2022-03-14 09:30:09.259261+00,,lpMtApTFlepYGPMBtGMoU15J)Q8XR9,2022-03-14 09:30:09.410396+00,28135,1,,,600,146,,9,303,3,1,"0",public/no_image.png,email@61938,1,,,,,,1,,600,Moh,2022-03-14 09:30:09.196658+00,2022-03-14 09:51:06.788886+00,,"0",,,,,,,,,,,,,,,,,,,27647,1950-02-16,2022-03-14,666,"",,,,,,,,,,,,,,,,,"0",,,,,,,,,146,,,,5,,,,,,8,,303,1,,,"0",,5,1,5,,,,,"0",1,"",50,
329,pbkdf2_sha256$180000$7bDhFTQJUrV7$Y+t2pEB+jkDBkm1epI9gJC/CH8dGc2GBU98nbH59oxo=,2021-11-28 18:44:05.485029+00,,m.nouman@hypernymbiz.com,Muhammad@786,Nouman,Bhai,2022-09-10 20:08:05.262174+00,1,1,"",,2021-11-28 18:38:29.63782+00,,hGbjHovuedJQ8u2z0v!dE1u$5@7QZk,2021-11-28 18:38:29.744345+00,+97430557456,1,,,355,21,,9,78,3,1,,"",m.nouman@hypernymbiz.com,1,,dYwZyzuySAi4-yRfrKZkJG:APA91bHu9oSgbEoIUkhGKl1WaPRURWGn0JMQL5eKl3Ne_ZhNFmKqV1vxYGDV1nNRgo93p5RfmeR-GnTQArAI31-UftUTGtLp8ID2a0WrhZZHPiHtew5hNvq4mvDUJoKsrMo3Rm7_HovA,,,,1,,355,nouman,2021-11-28 18:38:29.610619+00,2021-11-28 18:38:29.6167+00,,"0",,,,,,,,,,,,,,,,,,,233,1950-02-23,2021-11-28,123455,"",,,,,,,,,,,,,,,,,"0",,,,,,,,,21,,,,3,,,,,,6,,78,1,,,1,,5,1,5,,,,,"0",1,"",50,
331,pbkdf2_sha256$180000$6keoxig8YD8T$VEfTASGI40+jF2y8C0RFdtuEVLJaW6Nd37Ec8BliSXo=,2021-11-29 10:06:33.216494+00,,new@two.com,Aa123456,new,"",2021-11-29 10:03:44.495413+00,1,1,"",,2021-11-29 10:03:44.49546+00,,6e(ljU3HLcUunkNRoOZAN0xch8(df@,2021-11-29 10:03:44.615939+00,+97400990099,1,,,366,21,,9,78,3,1,,public/no_image.png,new@two.com,1,,dOlaGIGORJS8SWEvycJPaB:APA91bEScHQHxxFmt1_bWKatEEECZTWtpImrjzVp6rbXriNbB9vMufwH55tcnGiwzIwGLdi-czGcdbPvwIwV2xmaNz_2tEB7uOB57ZJWF3I3jyn1_Swnih17cNUAuiGHFMCTTm90SeVl,,,,1,,366,new two,2021-11-29 10:03:44.457589+00,2021-11-29 10:03:44.476772+00,,"0",,,,,,,,,,,,,,,,,,,347878,1950-02-01,2021-11-01,99,"",,,,,,,,,,,,,,,,,"0",,,,,,,,,21,,,,5,,,,,,7,,78,1,,,1,,5,1,5,,,,,"0",1,"",50,
332,pbkdf2_sha256$180000$AM0xJQI9bxR3$HbLhJbtvvVr148opyCUJd1v4fo7A2b6virXwE8n/6oc=,2021-11-29 13:19:20.796684+00,,mm@mm.com,Aa123456,Usama,"",2021-11-29 13:15:58.499308+00,1,1,"",,2021-11-29 13:15:58.499356+00,,7$jMoq5RZP9P6F!dtdGmu14aSPOate,2021-11-29 13:15:58.614506+00,+97411199911,1,,,368,21,,9,78,3,1,,public/no_image.png,mm@mm.com,1,,e_DgZVsIwE7Bh-5px9hAY7:APA91bFPtQxmcE1RDuO8kb6xqya3l4GsrczM93TFWhtgMB1WACL226Rk0cLXpcqwvn9KPBcmsmyHCyhIBE8wvlowHladzfTwS8OnhMKTL3ivnZHRz2RwkJyNv82Oyyvj6TN99SHTqcKj,,,,1,,368,Usama,2021-11-29 13:15:58.472066+00,2021-11-29 13:15:58.477874+00,,"0",,,,,,,,,,,,,,,,,,,880980,1950-02-01,2021-11-01,988,"",,,,,,,,,,,,,,,,,"0",,,,,,,,,21,,,,5,,,,,,6,,78,1,,,1,,5,1,5,,,,,"0",1,"",50,
185,pbkdf2_sha256$180000$LiMmVRzqZgHN$93y4WAI7N+iuFKO1BlqpAVd6u4YBx+6aYVU8SkPyMUo=,,,email@66877,Acbd@123,Rukshan,"",2021-09-06 11:58:32.355614+00,1,1,"",,2021-09-06 11:58:32.355692+00,,Pu!ZP$qXMh81pPy3P)(o9gSznhoA8l,2021-09-06 11:58:32.49111+00,96675,1,,,240,9,,9,47,3,1,"0",public/no_image.png,email@38410,1,,,,,,1,,240,Rukshan Abdul Cader,2021-09-06 11:58:32.307293+00,2021-09-06 12:04:50.149244+00,,"0",,,,,,,,,,,,,,,,,,,49966,1971-09-04,2012-02-01,1016,avatars/main.jpg,,,,,,,,,,,,,,,,,"0",,,,,,,,,9,,,,3,,,,,,6,,47,1,,,"0",,5,1,5,,,,,"0",1,"",50,
391,pbkdf2_sha256$180000$D0kmnfPgmjk2$v6R3FcEqgG27UNiAnk1kSJz5MPsiPQjgDFcVYAbw4BU=,,,asdasd@asasdd.com,Test@123,testDriverwa,"",2021-12-30 13:38:46.037958+00,1,1,"",,2021-12-30 13:38:46.038007+00,,KbMgIH)$*$o27wHlBfVi6JYWXbnAOu,2021-12-30 13:38:46.140497+00,+974+9741234567890,1,,,449,195,,9,383,3,1,,public/no_image.png,asdasd@asasdd.com,1,,,,,,1,,449,testDriverwa,2021-12-30 13:38:46.01004+00,2021-12-30 13:38:46.018334+00,,"0",,,,,,,,,,,,,,,,,,,2132,1950-02-08,2021-12-10,1200,"",,,,,,,,,,,,,,,,,"0",,,,,,,,,195,,,,3,,,,,,6,,383,1,,,1,,5,1,5,,,,,"0",1,"",50,
393,pbkdf2_sha256$180000$jUhZyJcJh9Sb$dS56grQ4vwpQe2lVYnrHs0Fv8QAYkOF6VlriNtSOsVQ=,,,asdweq@adad.com,Test@123,TEstDriver,"",2021-12-30 15:08:08.323+00,1,1,"",,2021-12-30 15:08:08.323054+00,,i4Yg@v7N5a1Gs9MhLO6UZc5csqS(jW,2021-12-30 15:08:08.427628+00,+97421312312,1,,,451,195,,9,383,3,1,,public/no_image.png,asdweq@adad.com,1,,,,,,1,,451,TEstDriver,2021-12-30 15:08:08.295252+00,2021-12-30 15:08:08.302904+00,,"0",,,,,,,,,,,,,,,,,,,213213,1950-02-08,2021-12-08,1200,"",,,,,,,,,,,,,,,,,"0",,,,,,,,,195,,,,3,,,,,,6,,383,1,,,1,,5,1,5,,,,,"0",1,"",50,
191,pbkdf2_sha256$180000$kNdhMe7tTpj9$4Dbucn7YgtyXnxzrCVGn9EKjy8JQBDsvn/npfEzS/HM=,,,email@76440,Abcd@123,TEstsesf,"",2021-09-06 12:36:10.923042+00,1,1,"",,2021-09-06 12:36:10.923118+00,,YJHKQpXm6WncHdi5vChNZgwcfREfVe,2021-09-06 12:36:11.077734+00,7101,1,,,246,9,,9,47,3,1,"0",public/no_image.png,email@55250,,,,,,,1,,246,TEstsesf,2021-09-06 12:36:10.878347+00,2022-04-24 08:03:05.238046+00,,"0",,,,,,,,,,,,,,,,,,,40709,1950-02-01,2021-09-01,1009,avatars/Screenshot_from_2021-08-31_18-26-08_4lMQ7Lr.png,,,,,,,,,,,,,,,,,"0",,,,,,,,,9,,,,3,,,,,,6,,47,1,,,"0",,5,1,5,,,,,"0",1,"",50,
189,pbkdf2_sha256$180000$4fVGqDCB1f40$wKkwKmZ0mzOuVnTZJuJ7ZdpUANIsMyN5CI/xYlNpb+I=,,,email@43624,Abcd@123,abhinandan,"",2021-09-06 12:34:24.647358+00,1,1,"",,2021-09-06 12:34:24.647432+00,,@bjWjsHQv58hPsptmh2RreSjZjc3ty,2021-09-06 12:34:24.794134+00,82847,1,,,244,9,,9,47,3,1,"0",public/no_image.png,email@97087,,,,,,,1,,244,abhinandan,2021-09-06 12:34:24.606796+00,2022-04-24 08:03:14.489056+00,,"0",,,,,,,,,,,,,,,,,,,47445,1950-02-08,2021-09-01,10009,avatars/Screenshot_from_2021-08-31_18-26-08_mnaLhQ0.png,,,,,,,,,,,,,,,,,"0",,,,,,,,,9,,,,3,,,,,,6,,47,1,,,"0",,5,1,5,,,,,"0",1,"",50,
68,pbkdf2_sha256$180000$BI3QOinGGk1O$qAbANi1ZiqhwC449xsLnWHWVJdYGMxUrF3gMk7JpjXg=,,,email@17715,Aa123456,fdsfsdf,"",2021-07-01 06:55:31.861112+00,1,1,"",,2021-07-01 06:55:31.861196+00,,jTWN@MxVzyjqvXqIC@8@S*27UxaSNg,2021-07-01 06:55:31.985742+00,46087,1,,,167,9,,9,51,3,1,"0",public/no_image.png,email@23242,,,,,,,1,,167,fdsfsdf,2021-07-01 06:55:31.825491+00,2022-04-24 08:03:31.162744+00,,"0",,,,,,,,,,,,,,,,,,,7765,1950-02-09,2021-07-15,5345345,"",,,,,,,,,,,,,,,,,"0",,,,,,,,,9,,,,3,,,,,,7,,51,1,,,"0",,5,1,5,,,,,"0",1,"",50,
192,pbkdf2_sha256$180000$U1HsQqkeRTFq$0MEmVogZeqnMp0rtaidrznsPbPt8PtqC832A0/96Bwk=,,,email@32852,Abcd@123,lastdriver,"",2021-09-06 12:37:03.733213+00,1,1,"",,2021-09-06 12:37:03.733335+00,,PaksyPGS2pBlNbb$o(($YMfpm7MX51,2021-09-06 12:37:03.882365+00,95432,1,,,247,9,,9,47,3,1,"0",public/no_image.png,email@30931,1,,,,,,1,,247,lastdriver,2021-09-06 12:37:03.691395+00,2022-04-24 08:11:05.45725+00,,"0",,,,,,,,,,,,,,,,,,,24437,1950-02-01,2021-09-02,1099,avatars/Screenshot_from_2021-08-31_18-26-08_RLZtE8G.png,,,,,,,,,,,,,,,,,"0",,,,,,,,,9,,,,3,,,,,,6,,47,1,,,"0",,5,1,5,,,,,"0",1,"",50,
203,pbkdf2_sha256$180000$sOZRx3oIIhfX$Dhx4eTEKvMKdcylnaPL1+/BZaG7Ftb64ygAsNrYuk3s=,,,ops2+5@kareemqatar.com,Abcd@123,Prasanna,"",2021-09-07 08:53:40.731657+00,1,1,"",,2021-09-07 08:53:40.731721+00,,eMtPljJGdeC9j8SshW0w(7W2!JQ@it,2021-09-07 08:53:40.868914+00,+97431095947,1,,,256,20,,9,77,3,1,,public/no_image.png,ops2+5@kareemqatar.com,1,,,,,,1,,256,Prasanna Ranjith Nikulas,2021-09-07 08:53:40.690495+00,2021-09-07 09:10:16.704806+00,,"0",,,,,,,,,,,,,,,,,,,1056,1974-11-06,2019-07-21,2500,avatars/Prsanna_Pulle_-_Photo.JPG,,,,,,,,,,,,,,,,,"0",,,,,,,,,20,,,,3,,,,,,6,,77,1,,,1,,5,1,5,,,,6,"0",1,"",50,
206,pbkdf2_sha256$180000$C4PGnaEtjpJ3$qRlyafp1Svex++/3Z31T5ZT0mKeGluThmp3I2c9ovDA=,,,ops2+6@kareemqatar.com,Abcd@123,Sudheer,"",2021-09-07 09:00:23.705848+00,1,1,"",,2021-09-07 09:00:23.705925+00,,9xBJ1MYLn7H$n6oM4Tnh3dZMayGt8f,2021-09-07 09:00:23.849336+00,+97474068562,1,,,259,20,,9,77,3,1,,public/no_image.png,ops2+6@kareemqatar.com,1,,,,,,1,,259,Sudheer Khan Shahul,2021-09-07 09:00:23.663785+00,2021-09-07 09:10:16.730133+00,,"0",,,,,,,,,,,,,,,,,,,1062,1976-05-21,2019-10-10,2500,avatars/Sudheer_Khan-_Photo.jpg,,,,,,,,,,,,,,,,,"0",,,,,,,,,20,,,,3,,,,,,6,,77,1,,,1,,5,1,5,,,,6,"0",1,"",50,
201,pbkdf2_sha256$180000$hRgZy947hSMT$IG0rhCFiZz95XTINQn4pDo0Ka+sVNDpHVWXFoQ+zNU8=,,,ops2+13@kareemqatar.com,Abcd@123,Purna,"",2021-09-07 05:36:14.867785+00,1,1,"",,2021-09-07 05:36:14.867866+00,,JTiYgkW7oBz2L8@pDeyuYS(oKX*Yqt,2021-09-07 05:36:15.090312+00,+97474063380,1,,,254,20,,9,77,3,1,,public/no_image.png,ops2+13@kareemqatar.com,1,,,,,,1,,254,Purna Bahadur Thing Taman,2021-09-07 05:36:14.795973+00,2021-09-07 09:10:16.711333+00,,"0",,,,,,,,,,,,,,,,,,,1002,1985-02-01,2014-08-11,2500,avatars/Purna_-_Photo.jpg,,,,,,,,,,,,,,,,,"0",,,,,,,,,20,,,,3,,,,,,6,,77,1,,,1,,5,1,5,,,,6,"0",1,"",50,
222,pbkdf2_sha256$180000$4CnPgnv2DkVE$Pzr/nV/90/JeRAoLM3dpBUH7XvECZpq+4SBMKgqsQsE=,2021-09-15 10:01:49.481101+00,,awais@hypernymbi.com,Aa123456,Mobile,"",2021-09-15 09:57:41.663231+00,1,1,"",,2021-09-15 09:57:41.663292+00,,L6vcLKZRuZOslN142w@exg(XtwiWAf,2021-09-15 09:57:41.802467+00,+97411110000,1,,,268,,,9,15,3,1,,public/no_image.png,awais@hypernymbi.com,,,erQ0NYSkSk5ZuWEOLpVzYd:APA91bHn_bUYQJZY1qCK11nQ6mFWiDZdq9BGtd1yB0v44JGTmOkpBsogqPgOUqM-rCdjB6RoQzNov3g-S2PLMMMNrl-MMrQYnIKlBjiHnhQIvT882HYSZ28q1D_xZOKd1T5Ip23LKxQt,,,,1,,268,Mobile Driver Two,2021-09-15 09:57:41.628142+00,2021-09-15 11:52:26.197299+00,,"0",,,,,,,,,,,,,,,,,,,2990,1950-02-01,2021-09-02,200,avatars/white-cat-vomiting-meme.jpg,,,,,,,,,,,,,,,,,"0",,,,,,,,,,,,,3,,,,,,7,,15,1,,,"0",,5,1,5,,,,,"0",1,"",50,
73,pbkdf2_sha256$180000$dmpvimlAPuBI$SNk5iGeT4AECEimmCbhLBzcFUaltPDwStdZC5HP170Y=,,,pvt@gmail.com,Aa123456,pvt,"",2021-07-16 05:48:41.672414+00,1,1,"",,2021-07-16 05:48:41.672477+00,,5UZo5)Iw7!iqD4FQVAV3MNf*Z7DQ3Z,2021-07-16 05:48:41.809464+00,+9747867667766,1,,,177,,,9,72,3,1,,public/no_image.png,pvt@gmail.com,1,,,,,,1,,177,pvt driver,2021-07-16 05:48:41.635688+00,2021-07-16 05:48:41.641913+00,,"0",,,,,,,,,,,,,,,,,,,2323,1950-02-01,2021-07-08,67555,"",,,,,,,,,,,,,,,,,"0",,,,,,,,,,,,,4,,,,,,6,,72,1,,,"0",,5,1,5,,,,,"0",1,"",50,
564,pbkdf2_sha256$180000$Leg10KNPhnxh$B0fQ8wE5lqkQb0p7wJsx2i67cW8NK0qwT2P1zpWTBAY=,2022-03-14 09:57:30.2181+00,,email@51927,Support@123,Jtest,"",2022-03-14 09:52:25.939976+00,1,1,"",,2022-03-14 09:52:25.940039+00,,RBjeHH$re)7QaLoK4lobHF31dn9s7X,2022-03-14 09:52:26.079556+00,67567,1,,,601,146,,9,303,3,1,"0",public/no_image.png,email@30538,1,,eJfEQh_bTDu9aET3upWihw:APA91bFXnEfU3x9GMy7g4bgqR2CZelSCRB0hmhItrHWLJz6VwfKPiShQk8bhRJEUqKNTUmppcOQgyJ92BvC4sSQoTqh2x-dt8pRYFAT9nWEmZMvumUcyg9PX-PylLtWnSOItsok3-hbL,,,,1,,601,Jtest,2022-03-14 09:52:25.887521+00,2022-03-18 08:06:14.832331+00,,"0",,,,,,,,,,,,,,,,,,,27332,1950-02-14,2022-03-01,230,"",,,,,,,,,,,,,,,,,"0",,,,,,,,,146,,,,3,,,,,,8,,303,1,,,"0",,5,1,5,,,,,"0",1,"",50,
209,pbkdf2_sha256$180000$xzSPdTNmY8oC$eG/615nxUY9KJBdKhlyKB5JIWX25dEkkF97bz35i1cQ=,,,ops2+1@kareemqatar.com,Abcd@123,Vasantha,"",2021-09-07 09:08:34.434155+00,1,1,"",,2021-09-07 09:08:34.434221+00,,vAU!na5(yyWoqO5IbGuVDUhA$LDUzR,2021-09-07 09:08:34.595137+00,+97474072382,1,,,262,20,,9,77,3,1,,public/no_image.png,ops2+1@kareemqatar.com,1,,,,,,1,,262,Vasantha Chandana,2021-09-07 09:08:34.380219+00,2021-09-07 09:10:16.736138+00,,"0",,,,,,,,,,,,,,,,,,,1067,1978-04-16,2019-12-10,2500,avatars/VASANTHA_PHOTO.JPG,,,,,,,,,,,,,,,,,"0",,,,,,,,,20,,,,3,,,,,,6,,77,1,,,1,,5,1,5,,,,6,"0",1,"",50,
202,pbkdf2_sha256$180000$ssksacHJRqhd$+yqPZMEikrvOmiZjREsw99mp9HbB2vntJjaEI6ItVY0=,,,ops2+10@kareemqatar.com,Abcd@123,Sivasubramaniam,"",2021-09-07 05:38:27.188736+00,1,1,"",,2021-09-07 05:38:27.188802+00,,S!q59ZlH9scw$*5M1@mtjXAj01TxQW,2021-09-07 05:38:27.335063+00,+97474084201,1,,,255,20,,9,77,3,1,,public/no_image.png,ops2+10@kareemqatar.com,1,,,,,,1,,255,Sivasubramaniam Prabakara,2021-09-07 05:38:27.144425+00,2021-09-07 09:10:16.723572+00,,"0",,,,,,,,,,,,,,,,,,,1053,1980-09-17,2019-07-02,2500,avatars/Prabakaran_Photo.jpg,,,,,,,,,,,,,,,,,"0",,,,,,,,,20,,,,3,,,,,,6,,77,1,,,1,,5,1,5,,,,6,"0",1,"",50,
199,pbkdf2_sha256$180000$nXQ1cjhsHsrx$k/gERJ2zCZCMvM66/UOQet9rGgPPmF/2BzD88LT6nMo=,,,ops2+12@kareemqatar.com,Abcd@123,Mohamed,"",2021-09-07 05:18:11.815002+00,1,1,"",,2021-09-07 05:18:11.81508+00,,72cJg2QtEc2ufA)zkskPVq26RJdWve,2021-09-07 05:18:11.945259+00,+97474053008,1,,,252,20,,9,77,3,1,,public/no_image.png,ops2+12@kareemqatar.com,1,,,,,,1,,252,Mohamed Rukshan Abdul Cad,2021-09-07 05:18:11.774055+00,2021-09-07 09:10:16.697747+00,,"0",,,,,,,,,,,,,,,,,,,1016,1971-09-04,2017-01-12,2500,avatars/RUKSHAN_PHOTO_002.jpg,,,,,,,,,,,,,,,,,"0",,,,,,,,,20,,,,3,,,,,,6,,77,1,,,1,,5,1,5,,,,6,"0",1,"",50,
205,pbkdf2_sha256$180000$Yo7QLQS2WK92$VcEbAltkF8P/RxhehbbLcyTPjJVp4T97ZbCoe1fYT3U=,,,ops2+4@kareemqatar.com,Abcd@123,Vijith,"",2021-09-07 08:58:06.194105+00,1,1,"",,2021-09-07 08:58:06.194182+00,,f@)sAGD5$cH2rSpd(k*Bo53!QJlaqI,2021-09-07 08:58:06.347828+00,+97474078201,1,,,258,20,,9,77,3,1,,public/no_image.png,ops2+4@kareemqatar.com,1,,,,,,1,,258,Vijith Cheriya Kunnil,2021-09-07 08:58:06.145936+00,2021-09-07 09:10:16.747269+00,,"0",,,,,,,,,,,,,,,,,,,1059,1984-12-02,2019-09-08,2500,avatars/Vijith_-_Photo.jpg,,,,,,,,,,,,,,,,,"0",,,,,,,,,20,,,,3,,,,,,6,,77,1,,,1,,5,1,5,,,,6,"0",1,"",50,
177,pbkdf2_sha256$180000$rqYr08CDlFw1$cn1GaDFJZCctPbwM6+RXwLtZjO0xE50OdnsodCaNDrc=,,,email@41405,Abcd@123,Rukshan,"",2021-09-03 05:25:00.323207+00,1,1,"",,2021-09-03 05:25:00.323265+00,,xxC4JqxeUadl!zkR0qF)2a$KnB6sni,2021-09-03 05:25:00.434254+00,8523,1,,,228,,,9,15,3,1,"0",public/no_image.png,email@17823,1,,,,,,1,,228,Rukshan Abdul Cader,2021-09-03 05:25:00.287615+00,2021-09-03 05:26:15.434423+00,,"0",,,,,,,,,,,,,,,,,,,93495,1971-09-04,2017-01-12,2500,avatars/SuperMarioRunHP.jpg,,,,,,,,,,,,,,,,,"0",,,,,,,,,,,,,3,,,,,,6,,15,1,,,"0",,5,1,5,,,,,"0",1,"",50,
338,pbkdf2_sha256$180000$siPHssRdjJDK$NdZPmoSEIBuCrwzIN6gKJYZNnyrd5SiRkuACr0+5bgA=,,,email@99383,Msadsdf213234,Staff,"",2021-11-30 11:16:12.207434+00,1,1,"",,2021-11-30 11:16:12.207486+00,,PXHZfzuA)D1qAUEELi8r8cL3G4sSF@,2021-11-30 11:16:12.310348+00,64511,1,,,375,9,,9,47,3,1,"0",public/no_image.png,email@91407,,,,,,,1,,375,Staff Driver,2021-11-30 11:16:12.182452+00,2022-04-24 08:14:08.353217+00,,"0",,,,,,,,,,,,,,,,,,,64204,1950-02-12,2021-11-30,123,"",,,,,,,,,,,,,,,,,"0",,,,,,,,,9,,,,5,,,,,,6,,338,1,,,"0",,5,1,5,,1,,,"0",1,"",50,
228,pbkdf2_sha256$180000$SxwiKNohDoJY$UQghFnQky11W1eFIVM5LP+XGdtO8zslrsCTk37/v/AU=,,,email@16287,Aa123456,Me,"",2021-09-17 07:37:28.696527+00,1,1,"",,2021-09-17 07:37:28.696597+00,,owT(RJiZq!UJ36d5gvaC7qZF33jq2(,2021-09-17 07:37:28.895766+00,49903,1,,,278,21,,9,78,3,1,"0",public/no_image.png,email@74757,1,,,,,,1,,278,Me,2021-09-17 07:37:28.6585+00,2021-09-17 07:37:37.970033+00,,"0",,,,,,,,,,,,,,,,,,,86460,1950-02-01,2021-09-01,22,"",,,,,,,,,,,,,,,,,"0",,,,,,,,,21,,,,3,,,,,,8,,78,1,,,"0",,5,1,5,,,,,"0",1,"",50,
521,pbkdf2_sha256$180000$gK3BDyMWFwqE$J7KzNZW7I6lpiMrjMIjMGASqlQW2nbZSgLsbqZAVkX8=,2022-03-29 08:24:52.908996+00,,driver@arch.com,Aa123456@,Driver,"",2022-02-28 02:44:00.747856+00,1,1,"",,2022-02-28 02:44:00.747912+00,,9x!F6kHA3F4c*7UWJTpoSMKOAr1X4G,2022-02-28 02:44:00.875626+00,+97400000900,1,,,572,146,,9,303,3,1,,public/no_image.png,driver@arch.com,1,,emIJLiisP07ftvrSW9eTHl:APA91bHY8LW2BK_W0DTl2-prFlHz76M5tBYzW6Qw5b1oG2VVEiFECJxE_qVxd5vtdq-KCnn77XEq9d-RmFM6rm2fUMHqc3tyQpCAolcBorg9giFhxJqK913dqUr3sxo748vKy8puFpie,,,,1,,572,Driver here,2022-02-28 02:44:00.698904+00,2022-02-28 02:44:00.710536+00,,"0",,,,,,,,,,,,,,,,,,,"009900",1950-02-16,2022-02-11,900,"",,,,,,,,,,,,,,,,,"0",,,,,,,,,146,,,,3,,,,,,7,,303,1,,,1,,5,1,5,,,,,"0",1,"",50,
385,pbkdf2_sha256$180000$eSRqBBq1iwoD$nuXwK949pWWX/IDst//eWuRBfadlAT8Qg9DWegKoB5s=,,,testdriverr@yopmail.com,Aa123456@,isma,"",2021-12-29 10:40:42.929286+00,1,1,"",,2021-12-29 10:40:42.929338+00,,pdPS9YOxks2qNS(tnKXJyW@b73*e5f,2021-12-29 10:40:43.041913+00,+974+9745555555555,1,,,443,195,,9,383,3,1,,public/no_image.png,testdriverr@yopmail.com,1,,,,,,1,,443,isma driver,2021-12-29 10:40:42.897884+00,2021-12-29 10:40:42.907264+00,,"0",,,,,,,,,,,,,,,,,,,123,1950-02-08,2021-12-01,45000,"",,,,,,,,,,,,,,,,,"0",,,,,,,,,195,,,,4,,,,,,7,,383,1,,,1,,5,1,5,,,,,"0",1,"",50,
66,pbkdf2_sha256$180000$K0qCfRa8AWoo$lzJXRiWmGTLE1aOsaaqdz6B7QqFbYLfDojIcuJfbkQk=,2021-07-07 08:28:26.021254+00,,email@35917,Password123#,Shah,"",2021-06-30 06:53:24.152179+00,1,1,"",,2021-06-30 06:53:24.152234+00,,)7x0Q7iPoUOfPjyBNU05mHerUVs!d5,2021-06-30 06:53:24.282238+00,89860,1,,,163,9,,9,47,3,1,"0",public/no_image.png,email@68352,,,c0fl_qkkd0xQr7u504Oc_7:APA91bER97NjDiNs-gLY8Nc93e6XtqfaDe16iZfr4d4FgZLjaC185t6zhCC3StTjVLJdkfztNAPdIyu3na5gqHYhiMmFtGfjM4yFrLPwpt4CYQUxyTI7uq-SvG9ZMUEsc9L7DPK9gfyx,,,,1,,163,Shah,2021-06-30 06:53:24.116518+00,2022-04-24 08:02:48.215332+00,,"0",,,,,,,,,,,,,,,,,,,59626,1998-03-05,2021-06-08,4555,"",,,,,,,,,,,,,,,,,"0",,,,,,,,,9,,,,3,,,,,,6,,47,1,,,"0",,5,1,5,,1,,,"0",1,"",50,
69,pbkdf2_sha256$180000$AT8MHkT1bkgC$GSklFoH/czjLM+cZcYnlN7UCcgp8s4XOnNalAjTVqWo=,,,email@4998,Test@123456,Test,"",2021-07-05 09:50:03.211322+00,1,1,"",,2021-07-05 09:50:03.21141+00,,tFI2cy)ieLl2qetzHj!p$6wWlDHPuy,2021-07-05 09:50:03.36451+00,74907,1,,,174,9,,9,47,3,1,"0",public/no_image.png,email@88248,,,,,,,1,,174,Test,2021-07-05 09:50:03.170779+00,2022-04-24 08:14:08.347292+00,,"0",,,,,,,,,,,,,,,,,,,61330,1982-02-19,2021-07-01,40000,"",,,,,,,,,,,,,,,,,"0",,,,,,,,,9,,,,4,,,,,,7,,69,1,,,"0",,5,1,5,,1,,,"0",1,"",50,
70,pbkdf2_sha256$180000$Md5H7tkEIMeV$v5O94nlKSz8A33B1d87pZ3yaFACtGVzRed9WZV2nXH8=,,,email@79678,Aa123456,TT,"",2021-07-05 10:15:08.121808+00,1,1,"",,2021-07-05 10:15:08.121863+00,,3!cS((Y37r3LJPMIxSf9scecODKeX4,2021-07-05 10:15:08.256996+00,98827,1,,,175,9,,9,47,3,1,"0",public/no_image.png,email@17446,1,,,,,,1,,175,TT,2021-07-05 10:15:08.087946+00,2022-04-24 08:03:27.983201+00,,"0",,,,,,,,,,,,,,,,,,,61567,1986-02-12,2021-03-04,50000,"",,,,,,,,,,,,,,,,,"0",,,,,,,,,9,,,,3,,,,,,6,,47,1,,,"0",,5,1,5,,,,,"0",1,"",50,
67,pbkdf2_sha256$180000$zwuhseEXyMEI$k/5gTy5QaRZWPyrBMRACD/rAbSZxHmqHx4YZVuK8dts=,2021-07-04 06:53:21.780218+00,,email@38984,Password123#,nozlack,"",2021-06-30 12:08:32.774225+00,1,1,"",,2021-06-30 12:08:32.774285+00,,Tb\G>{|oIQ,2021-06-30 12:08:32.921932+00,28687,1,,,165,9,,9,47,3,1,"0",public/no_image.png,email@64535,1,,c0fl_qkkd0xQr7u504Oc_7:APA91bER97NjDiNs-gLY8Nc93e6XtqfaDe16iZfr4d4FgZLjaC185t6zhCC3StTjVLJdkfztNAPdIyu3na5gqHYhiMmFtGfjM4yFrLPwpt4CYQUxyTI7uq-SvG9ZMUEsc9L7DPK9gfyx,,,,1,,165,nozlack,2021-06-30 12:08:32.736959+00,2022-04-24 08:03:34.290915+00,,"0",,,,,,,,,,,,,,,,,,,998,1950-02-08,2021-06-06,434,"",,,,,,,,,,,,,,,,,"0",,,,,,,,,9,,,,3,,,,,,6,,47,1,,,"0",,5,1,5,,1,,,"0",1,"",50,
395,pbkdf2_sha256$180000$9VKnxGS72jAk$dLmpYxPl669sEyKsIgiz82HEGFEXTyoogWNNTxqaAgM=,,,kevindubryn@gmail.com,Aa123456,Kevin,"",2021-12-31 06:40:04.288149+00,1,1,"",,2021-12-31 06:40:04.288234+00,,ZZ)VYRxb81he674QcAqs7PMGG@mWTF,2021-12-31 06:40:04.476558+00,+974+9743332221111,1,,,452,105,,9,282,3,1,,public/no_image.png,kevindubryn@gmail.com,1,,,,,,1,,452,Kevin,2021-12-31 06:40:04.246241+00,2022-01-11 12:12:05.752011+00,,"0",,,,,,,,,,,,,,,,,,,9338383835858585,1966-02-02,2018-12-01,3333,"",,,,,,,,,,,,,,,,,"0",,,,,,,,,105,,,,3,,,,,,6,,282,1,,,1,,5,1,5,,1,,8,"0",1,"",50,
181,pbkdf2_sha256$180000$74emFgTJEy2P$MK8YeUtilcIzfwgmXuaFG0Rz47ijztqqHatOV2zjBOs=,,,email@27073,Aaq2134545,Mohyu,"",2021-09-06 06:17:28.320497+00,1,1,"",,2021-09-06 06:17:28.320561+00,,lr2tbn2UguNtZV1a32@mlfsMG(4C7c,2021-09-06 06:17:28.443428+00,36375,1,,,232,,,9,15,3,1,"0",public/no_image.png,email@35858,,,,,,,1,,232,Mohyu,2021-09-06 06:17:28.282536+00,2021-09-06 06:46:13.904566+00,,"0",,,,,,,,,,,,,,,,,,,42943,1950-02-01,2021-09-01,33,"",,,,,,,,,,,,,,,,,"0",,,,,,,,,,,,,4,,,,,,6,,15,1,,,"0",,5,1,5,,,,1,"0",1,"",50,
195,pbkdf2_sha256$180000$1w2NhZahSckl$Pjn80uW6f0D9U4P80XBptm3nH2DaIGCX+4b5BGm45eE=,,,email@23179,Vodafone@123,Yogesh,"",2021-09-06 13:33:36.528251+00,1,1,"",,2021-09-06 13:33:36.528313+00,,m8!UygRkkyr9vLY15FU8AehbwMrcHa,2021-09-06 13:33:36.676026+00,42552,1,,,249,20,,9,77,3,1,"0",public/no_image.png,email@85930,1,,,,,,1,,249,Yogesh Pillai,2021-09-06 13:33:36.487464+00,2021-09-07 08:51:24.476499+00,,"0",,,,,,,,,,,,,,,,,,,5212,1991-01-01,2021-08-01,2500,"",,,,,,,,,,,,,,,,,"0",,,,,,,,,20,,,,3,,,,,,7,,77,1,,,"0",,5,1,5,,,,,"0",1,"",50,
182,pbkdf2_sha256$180000$WIBodqrIK7I1$u16x3h7y/l3M9HH3viCpDfUoZlGazSg+tHFZMHjJ8JQ=,,,email@61892,Hh66676767,Awais,"",2021-09-06 06:20:44.77186+00,1,1,"",,2021-09-06 06:20:44.771913+00,,ny7v(d)b8UUckOLKB4JWA(sgYJIPYV,2021-09-06 06:20:44.898136+00,94037,1,,,233,,,9,15,3,2,"0",public/no_image.png,email@39439,1,,,,,,1,,233,Awais,2021-09-06 06:20:44.741558+00,2021-09-10 11:57:48.276194+00,,"0",,,,,,,,,,,,,,,,,,,67103,1950-02-01,2021-09-01,22,"",,,,,,,,,,,,,,,,,"0",,,,,,,,,,,,,3,,,,,,6,,15,1,,,"0",,5,1,5,,,,,"0",1,"",50,
167,pbkdf2_sha256$180000$GTNtQ6AqXFE0$Z7CB2BPd0uMNajeL3JIDiSs8vzVn7skq3/hK4/Va36k=,,,email@15328,Aaa12345,Mohamed,"",2021-08-26 09:20:19.871863+00,1,1,"",,2021-08-26 09:20:19.871938+00,,AU*$36Jcmh@hR(Yz*jlVQXw$PT1phk,2021-08-26 09:20:20.025578+00,72747,1,,,213,,,9,15,3,2,"0",public/no_image.png,email@5444,,,,,,,1,,213,Mohamed Rukshan Abdul Cad,2021-08-26 09:20:19.821741+00,2021-09-03 04:52:10.251845+00,,"0",,,,,,,,,,,,,,,,,,,56820,1971-09-04,2017-01-12,2500,avatars/SuperMarioRunHP.jpg,,,,,,,,,,,,,,,,,"0",,,,,,,,,,,,,3,,,,,,6,,15,1,,,"0",,5,1,5,,,,,"0",1,"",50,
396,pbkdf2_sha256$180000$hcmhFhCpq5To$bSawEaJVG6CxyQjpMwZXfKh09XOQvs/Bo594DLXAcI0=,,,asdasd@asd.com,Aa123456,asdasd,"",2021-12-31 06:55:18.694198+00,1,1,"",,2021-12-31 06:55:18.694249+00,,EMq338hMzfgitaOhE*X!Rh4RBxv*Hx,2021-12-31 06:55:18.808955+00,+97433333333,1,,,453,105,,9,282,3,1,,public/no_image.png,asdasd@asd.com,1,,,,,,1,,453,asdasd,2021-12-31 06:55:18.664244+00,2021-12-31 06:55:18.671758+00,,"0",,,,,,,,,,,,,,,,,,,2342342342,1950-02-01,2021-12-02,3333,"",,,,,,,,,,,,,,,,,"0",,,,,,,,,105,,,,3,,,,,,6,,282,1,,,1,,5,1,5,,,,,"0",1,"",50,
246,pbkdf2_sha256$180000$jKZvCoBcJaf1$dHWEJfBIWBL8qgdWKdmkCAH29+2uQAv3/IgmAivM7FA=,,,md.ibrahim@gorafeeq.com,Rafeeq@123,AGNEL,"",2021-10-12 07:44:49.125334+00,1,1,"",,2021-10-12 07:44:49.125402+00,,fbIVMkaQCKwm@sgvSsHxKmS5lgms8B,2021-10-12 07:44:49.401018+00,+97431115424,1,,,292,21,,9,78,3,1,,public/no_image.png,md.ibrahim@gorafeeq.com,1,,,,,,1,,292,AGNEL SOOSAI,2021-10-12 07:44:49.077911+00,2021-10-12 07:44:49.090322+00,,"0",,,,,,,,,,,,,,,,,,,100468,1990-01-01,2020-01-09,2000,"",,,,,,,,,,,,,,,,,"0",,,,,,,,,21,,,,3,,,,,,6,,78,1,,,1,,5,1,5,,,,,"0",1,"",50,
421,pbkdf2_sha256$180000$lh0EL7m3BI5N$iZZ0l2+KR0NuUvP0kak8YD86pi3vM0iGnt5bGMhLPtA=,,,nagdriver@yopmail.com,Aa123456,Ngina,"",2022-01-27 22:11:01.167744+00,1,1,"",,2022-01-27 22:11:01.167803+00,,Efel3C(N6aVaFoGBFLFzcM!XFtcCop,2022-01-27 22:11:01.281157+00,+97490908888,1,,,502,199,,9,405,3,1,,public/no_image.png,nagdriver@yopmail.com,1,,,,,,1,,502,Ngina driver,2022-01-27 22:11:01.13412+00,2022-01-27 22:11:01.142356+00,,"0",,,,,,,,,,,,,,,,,,,9458372,1950-02-02,2022-01-05,45000,"",,,,,,,,,,,,,,,,,"0",,,,,,,,,199,,,,4,,,,,,7,,405,1,,,1,,5,1,5,,,,,"0",1,"",50,
419,pbkdf2_sha256$180000$gS62CUsajB4P$XtUz7s4RXYt1eGEnrGuesyaZT8hnN1bzlaOyoP2G8mY=,2022-01-27 11:36:21.748616+00,,email@6743,123456@Sm,Test,"",2022-01-27 11:34:52.465173+00,1,1,"",,2022-01-27 11:34:52.465231+00,,689292,2022-01-27 11:36:58.593575+00,49034,1,,,499,9,,9,47,3,1,"0",public/no_image.png,email@79657,1,,,,,,1,,499,Test Shivang,2022-01-27 11:34:52.435073+00,2022-02-15 08:01:35.634356+00,,"0",,,,,,,,,,,,,,,,,,,39284,1950-02-09,2022-01-13,1244,"",,,,,,,,,,,,,,,,,"0",,,,,,,,,9,,,,3,,,,,,6,,47,1,,,"0",,5,1,5,,,,,"0",1,"",50,
401,pbkdf2_sha256$180000$3oXzpxNSGGFV$qloGtM5dtDckfzQ3AZOCENUNSwQ2mtR6Xf5kCXhCOO8=,,,email@15706,Test@123,ShahOne,"",2022-01-12 19:43:02.569755+00,1,1,"",,2022-01-12 19:43:02.569836+00,,1KzKA1mFz88wX6xw016vOKtoFbYEUN,2022-01-12 19:43:02.709819+00,8945,1,,,456,9,,9,47,3,1,"0",public/no_image.png,email@55514,1,,,,,,1,,456,ShahOne,2022-01-12 19:43:02.524294+00,2022-04-24 08:02:44.974484+00,,"0",,,,,,,,,,,,,,,,,,,4968,1950-02-07,2022-01-14,1100,"",,,,,,,,,,,,,,,,,"0",,,,,,,,,9,,,,3,,,,,,8,,47,1,,,"0",,5,1,5,,,,,"0",1,"",50,
186,pbkdf2_sha256$180000$hWt4ByXr4WXl$+5oFSr1SLwSbwk3xeIEWUF5Tun2BjcbLwU0EOxhqhhQ=,,,email@87558,Test@1234,Rukshan,"",2021-09-06 12:06:46.459598+00,1,1,"",,2021-09-06 12:06:46.459685+00,,4$tH6rFHtxMlTlpksPWTjuMlasnV9k,2021-09-06 12:06:46.611449+00,84967,1,,,241,9,,9,47,3,1,"0",public/no_image.png,email@36786,,,,,,,1,,241,Rukshan Abdul Cdr,2021-09-06 12:06:46.40801+00,2022-04-24 08:03:02.44241+00,,"0",,,,,,,,,,,,,,,,,,,69854,1971-09-09,2012-02-01,1016,avatars/Screenshot_from_2021-08-31_18-26-08_q9JU1QC.png,,,,,,,,,,,,,,,,,"0",,,,,,,,,9,,,,3,,,,,,6,,47,1,,,"0",,5,1,5,,,,,"0",1,"",50,
190,pbkdf2_sha256$180000$MSMysy6pMeGQ$y9tmUBUSsIgut5FqHeBsLT0GVBQgIKSmvxixVL87ZUY=,,,email@72138,Test@123,two,"",2021-09-06 12:35:17.337502+00,1,1,"",,2021-09-06 12:35:17.337574+00,,S6vkFv)yqzMFZFDjqp)iR63cGbDToL,2021-09-06 12:35:17.475999+00,5322,1,,,245,9,,9,47,3,1,"0",public/no_image.png,email@22893,1,,,,,,1,,245,two,2021-09-06 12:35:17.299905+00,2022-04-24 08:03:11.158844+00,,"0",,,,,,,,,,,,,,,,,,,623,1950-02-02,2021-09-01,1009,"",,,,,,,,,,,,,,,,,"0",,,,,,,,,9,,,,3,,,,,,6,,47,1,,,"0",,5,1,5,,,,,"0",1,"",50,
188,pbkdf2_sha256$180000$3mIAQIjNsEko$d8ZdWia+kTVQ5sB1liKoH8NqfCiNoLlDX6+HoH2rMpQ=,,,email@99247,Abcd@123,Rukshan,"",2021-09-06 12:25:01.130241+00,1,1,"",,2021-09-06 12:25:01.130323+00,,8lEC@0PGa4BIaImShZY9GglWdsz*sC,2021-09-06 12:25:01.269021+00,81311,1,,,243,9,,9,47,3,1,"0",public/no_image.png,email@5991,,,,,,,1,,243,Rukshan Abdul Cad,2021-09-06 12:25:01.079653+00,2022-04-24 08:03:19.172218+00,,"0",,,,,,,,,,,,,,,,,,,97639,1971-09-09,2012-02-02,74050007,avatars/Screenshot_from_2021-08-31_18-26-08_YFGvajN.png,,,,,,,,,,,,,,,,,"0",,,,,,,,,9,,,,3,,,,,,6,,47,1,,,"0",,5,1,5,,,,,"0",1,"",50,
184,pbkdf2_sha256$180000$JziNwyeRA1kO$CLWkwdZR3Mfz+BhHPmO2xKNEGAoP+YnfJimMsWSPfPY=,,,email@76281,TEst@1234,drivernew,"",2021-09-06 11:52:58.28677+00,1,1,"",,2021-09-06 11:52:58.286832+00,,"0HVwwl2kidiJ(hRMXo2TtnycZ$EuqF",2021-09-06 11:52:58.434891+00,18524,1,,,239,9,,9,47,3,1,"0",public/no_image.png,email@28531,,,,,,,1,,239,drivernew,2021-09-06 11:52:58.251085+00,2022-04-24 08:03:21.716371+00,,"0",,,,,,,,,,,,,,,,,,,33323,1950-02-07,2021-09-01,100000,avatars/Screenshot_from_2021-08-31_18-26-08.png,,,,,,,,,,,,,,,,,"0",,,,,,,,,9,,,,3,,,,,,6,,47,1,,,"0",,5,1,5,,,,,"0",1,"",50,
194,pbkdf2_sha256$180000$eh0FNRGm9gje$KwliKiVSXCxsiZXHqR5r6XeMebnebXFdT3sCU8y1Wvg=,,,email@40935,Abc@1234,Rukshan,"",2021-09-06 13:26:23.400175+00,1,1,"",,2021-09-06 13:26:23.400267+00,,Qwxtde*eigrZOG80yp3znExIu!1Jwt,2021-09-06 13:26:23.539046+00,52950,1,,,248,,,9,15,3,1,"0",public/no_image.png,email@44694,1,,,,,,1,,248,Rukshan Abdul Cader,2021-09-06 13:26:23.350868+00,2021-09-06 13:28:13.421839+00,,"0",,,,,,,,,,,,,,,,,,,80207,1971-09-04,2017-01-12,2500,avatars/WhatsApp_Image_2021-09-05_at_15.30.43_QfDa1pD.jpeg,,,,,,,,,,,,,,,,,"0",,,,,,,,,,,,,3,,,,,,6,,15,1,,,"0",,5,1,5,,,,,"0",1,"",50,
157,pbkdf2_sha256$180000$m3GVy45j7ir0$zDWzZh+GGebph42lqYXi+EU27XqlpzhyfOr7979JM5A=,,,umna@gmail.com,Aa123456,umna,"",2021-08-03 06:11:47.468806+00,1,1,"",,2021-08-03 06:11:47.468856+00,,khe6P@GlIH6eTLEL!sOgeaYz5URGw4,2021-08-03 06:11:47.59068+00,+9747623762367,1,,,183,10,,9,52,3,1,,public/no_image.png,umna@gmail.com,1,,,,,,1,,183,umna,2021-08-03 06:11:47.432182+00,2021-08-03 06:11:47.449515+00,,"0",,,,,,,,,,,,,,,,,,,90234372,1950-02-01,2021-08-04,43000,avatars/me.png,,,,,,,,,,,,,,,,,"0",,,,,,,,,10,,,,3,,,,,,6,,52,1,,,1,,5,1,5,,,,,"0",1,"",50,
236,pbkdf2_sha256$180000$lDZ4JaHHihcP$Q3Wr2fPIhW5wNRcWOtiLLdIH5o3HNyCFj7z6YkBK86s=,,,titi@party.com,Aa1212323,asjbs,"",2021-10-05 07:39:36.509622+00,1,1,"",,2021-10-05 07:39:36.509704+00,,WNj)Yf(pa6TpZ38@7lX75KuJ!nS(K@,2021-10-05 07:39:36.687183+00,+97445435445,1,,,290,,,9,15,3,1,,public/no_image.png,titi@party.com,1,,,,,,1,,290,asjbs  whbdhwbd,2021-10-05 07:39:36.437646+00,2021-10-05 07:39:36.468717+00,,"0",,,,,,,,,,,,,,,,,,,6677,1950-02-23,2021-10-15,565656,"",,,,,,,,,,,,,,,,,"0",,,,,,,,,,,,,3,,,,,,7,,15,1,,,"0",,5,1,5,,,,,"0",1,"",50,
158,pbkdf2_sha256$180000$XRG3jAzpUe1p$MhDVaY2017uRNRiLvBX0nvjXSJV6q3LRzQzIOkjh6y4=,,,lala@land.cpm,Aa123456,umnaaaa,"",2021-08-03 06:12:54.045419+00,1,1,"",,2021-08-03 06:12:54.04547+00,,kV$cP$LnEYduK0odHhp1xMPh(H0gdx,2021-08-03 06:12:54.157741+00,+9742133414243,1,,,184,10,,9,52,3,1,,public/no_image.png,lala@land.cpm,1,,,,,,1,,184,umnaaaa,2021-08-03 06:12:54.015077+00,2021-08-03 06:12:54.021274+00,,"0",,,,,,,,,,,,,,,,,,,239384,1950-02-01,2021-08-05,34000,"",,,,,,,,,,,,,,,,,"0",,,,,,,,,10,,,,4,,,,,,6,,52,1,,,1,,5,1,5,,,,,"0",1,"",50,
155,pbkdf2_sha256$180000$0t18vdFt8gM4$POLl1REBGxJXood8XzXsnxJEIo0K9hm03nwqHVCtzsI=,,,tester@gmail.com,Aa123456,tester,"",2021-07-29 11:21:50.709863+00,1,1,"",,2021-07-29 11:21:50.709917+00,,*3AZW83py*fERgsanqQC7fzRIfuCy9,2021-07-29 11:21:50.84604+00,+9742330023883,1,,,181,10,,9,52,3,1,,public/no_image.png,tester@gmail.com,1,,,,,,1,,181,tester,2021-07-29 11:21:50.674617+00,2021-07-29 11:21:50.683218+00,,"0",,,,,,,,,,,,,,,,,,,324343,1950-02-01,2021-07-02,34000,"",,,,,,,,,,,,,,,,,"0",,,,,,,,,10,,,,3,,,,,,8,,52,1,,,1,,5,1,5,,,,,"0",1,"",50,
156,pbkdf2_sha256$180000$TYY77BNgf95i$yCNcsSxaaIHTXKOGymDVZS9Kh6nen4fBETcH0S5mzys=,,,test32@gmail.com,Aa123456,TEST,"",2021-08-02 06:19:08.100213+00,1,1,"",,2021-08-02 06:19:08.100307+00,,RGlbh*jkMjf2M4KIMaL!(n4WkjTdud,2021-08-02 06:19:08.213409+00,+9744330033388,1,,,182,10,,9,52,3,1,,public/no_image.png,test32@gmail.com,1,,,,,,1,,182,TEST DRIVER,2021-08-02 06:19:08.065386+00,2021-08-02 06:19:08.073197+00,,"0",,,,,,,,,,,,,,,,,,,598325,1950-02-02,2020-08-04,50440,"",,,,,,,,,,,,,,,,,"0",,,,,,,,,10,,,,3,,,,,,7,,52,1,,,1,,5,1,5,,,,,"0",1,"",50,
196,pbkdf2_sha256$180000$0IlnVSRNsY6k$Q+2hknDE0U9Uch1CGMlR62TMuzl20XiYMuOUK9g/7LI=,,,email@58933,Abc@1234,Rukshan,"",2021-09-06 13:35:45.086321+00,1,1,"",,2021-09-06 13:35:45.086391+00,,DB84olg0wTLqBHXlTFnUOjZHWpL6le,2021-09-06 13:35:45.226018+00,1290,1,,,250,,,9,15,3,1,"0",public/no_image.png,email@90258,1,,,,,,1,,250,Rukshan Abdul Cader,2021-09-06 13:35:45.03024+00,2021-09-06 13:35:56.434917+00,,"0",,,,,,,,,,,,,,,,,,,33116,1971-09-04,2017-01-04,2500,avatars/WhatsApp_Image_2021-09-05_at_15.30.43_XMvpzpV.jpeg,,,,,,,,,,,,,,,,,"0",,,,,,,,,,,,,3,,,,,,6,,15,1,,,"0",,5,1,5,,,,,"0",1,"",50,
19,pbkdf2_sha256$180000$gwOH20UAhvKX$jYzDOamSHLpbDisz5OigXiXqoXrubqexern0RsTFwM8=,,,mushahid.vfq@hypernymbiz.com,Test@123,Mushahid,"",2021-05-29 15:07:13.730499+00,1,1,"",,2021-05-29 15:07:13.730554+00,,$VqgHsUUA1bHzu0@oUFeGJn@s4MxwO,2021-05-29 15:07:13.852697+00,+97412345678,1,,,9,,,9,15,3,1,,public/no_image.png,mushahid.vfq@hypernymbiz.com,,,,,,,1,,9,Mushahid,2021-05-29 15:07:13.695754+00,2021-05-31 12:30:04.718304+00,,"0",,,,,,,,,,,,,,,,,,,123321,1950-02-09,2021-05-13,1500,avatars/driver_dashboard_idle_time_zjmzDC2.png,,,,,,,,,,,,,,,,,"0",,,,,,,,,,,,,3,,,,,,7,,19,1,,,"0",,5,1,5,,,,2,"0",1,"",50,
200,pbkdf2_sha256$180000$krSRjDGxrgU5$Wd2e+Of256xAf0gXG+npluZ7wmmD64dpFth+uqnd4BA=,,,ops2+11@kareemqatar.com,Abcd@123,Avtar,"",2021-09-07 05:33:01.388347+00,1,1,"",,2021-09-07 05:33:01.388414+00,,cmZHs*ZTEPZ(D9pKa*7eeRBBs(r)zQ,2021-09-07 05:33:01.514149+00,+97474038057,1,,,253,20,,9,77,3,1,,public/no_image.png,ops2+11@kareemqatar.com,1,,,,,,1,,253,Avtar Singh Labh Singh,2021-09-07 05:33:01.343004+00,2021-09-07 09:10:16.676778+00,,"0",,,,,,,,,,,,,,,,,,,1045,1984-04-12,2018-05-23,2500,"",,,,,,,,,,,,,,,,,"0",,,,,,,,,20,,,,3,,,,,,6,,77,1,,,1,,5,1,5,,,,6,"0",1,"",50,
171,pbkdf2_sha256$180000$pRrw1Tx4dT13$QdbQ6u6zJuhpFs0zATPHWPtsKRO7kkJZOAU+ug/miz8=,,,email@98344,SW22s222222,Driver,"",2021-08-30 09:48:25.285345+00,1,1,"",,2021-08-30 09:48:25.285419+00,,AXctDwVE09OQ84m7E5mmkTfA)29(m3,2021-08-30 09:48:25.429071+00,61513,1,,,223,,,9,15,3,1,"0",public/no_image.png,email@36018,1,,,,,,1,,223,Driver,2021-08-30 09:48:25.24301+00,2021-08-31 06:05:47.377317+00,,"0",,,,,,,,,,,,,,,,,,,97686,1968-02-09,2021-08-01,3,"",,,,,,,,,,,,,,,,,"0",,,,,,,,,,,,,3,,,,,,7,,15,1,,,"0",,5,1,5,,,,,"0",1,"",50,
204,pbkdf2_sha256$180000$0Uef8qMgWV7z$w7lQHLMiA6JMUPBv0BneN83aiHi6sWIq0S73injyIPE=,,,ops2+2@kareemqatar.com,Abcd@123,Lalith,"",2021-09-07 08:55:57.801949+00,1,1,"",,2021-09-07 08:55:57.802056+00,,sz8eLW*aguaSQMJSnv2x1HzAbJBV0R,2021-09-07 08:55:57.93536+00,+97474042095,1,,,257,20,,9,77,3,1,,public/no_image.png,ops2+2@kareemqatar.com,1,,,,,,1,,257,Lalith Daglas,2021-09-07 08:55:57.755447+00,2021-09-07 09:10:16.68516+00,,"0",,,,,,,,,,,,,,,,,,,1057,1980-03-05,2019-08-27,2500,avatars/Lalith_Liyanage_-_Photo.JPG,,,,,,,,,,,,,,,,,"0",,,,,,,,,20,,,,3,,,,,,6,,77,1,,,1,,5,1,5,,,,6,"0",1,"",50,
208,pbkdf2_sha256$180000$DhwtGzDfafdw$0AC6XKAfybZV96AhsCYQFeeeWtAa85GQFj60Qt1Qdy0=,,,ops2+8@kareemqatar.com,Abcd@123,Manjinder,"",2021-09-07 09:05:53.284841+00,1,1,"",,2021-09-07 09:05:53.28492+00,,euH8GHPH96EPT7OG@D@dHDjnJWcYae,2021-09-07 09:05:53.437221+00,+97474049139,1,,,261,20,,9,77,3,1,,public/no_image.png,ops2+8@kareemqatar.com,1,,,,,,1,,261,Manjinder Singh,2021-09-07 09:05:53.242257+00,2021-09-07 09:10:16.691609+00,,"0",,,,,,,,,,,,,,,,,,,1065,1997-11-22,2019-11-03,2500,avatars/Manjinder_Singh_-_Photo.jpg,,,,,,,,,,,,,,,,,"0",,,,,,,,,20,,,,3,,,,,,7,,77,1,,,1,,5,1,5,,,,6,"0",1,"",50,
207,pbkdf2_sha256$180000$k3UHHbs2VBJY$K4UkI0y+hAr80XuFeoH+NnWdEvslxZt4bMZEkVEebZE=,,,ops2+7@kareemqatar.com,Abcd@123,Sigin,"",2021-09-07 09:03:10.161868+00,1,1,"",,2021-09-07 09:03:10.161951+00,,SawuAb8IHkrXM)iGo9Oc$KlD6HhcGE,2021-09-07 09:03:10.320707+00,+97474081642,1,,,260,20,,9,77,3,1,,public/no_image.png,ops2+7@kareemqatar.com,1,,,,,,1,,260,Sigin George,2021-09-07 09:03:10.114318+00,2021-09-07 09:10:16.717679+00,,"0",,,,,,,,,,,,,,,,,,,1063,1982-04-09,2019-10-05,2500,avatars/Sijin_George_-_Photo.jpg,,,,,,,,,,,,,,,,,"0",,,,,,,,,20,,,,3,,,,,,6,,77,1,,,1,,5,1,5,,,,6,"0",1,"",50,
154,pbkdf2_sha256$180000$DtbgucW5TnKW$2XXydxN2hrxRcNbcnI19aczGGD611Pn0T2AUYVbJ3wc=,,,email@47841,Aa123456,test,"",2021-07-29 11:08:05.76348+00,1,1,"",,2021-07-29 11:08:05.763558+00,,OTDa5BXMtm3eVL1NB)VHSxgtkko6Mi,2021-07-29 11:08:05.894861+00,47965,1,,,180,9,,9,47,3,1,"0",public/no_image.png,email@20434,1,,,,,,1,,180,test,2021-07-29 11:08:05.723828+00,2022-04-24 08:03:24.901006+00,,"0",,,,,,,,,,,,,,,,,,,10180,1950-02-02,2021-07-03,45000,"",,,,,,,,,,,,,,,,,"0",,,,,,,,,9,,,,4,,,,,,6,,47,1,,,"0",,5,1,5,,,,,"0",1,"",50,
229,pbkdf2_sha256$180000$NB34CDWTxWbc$5kDaXDwU5L1NqnRb+9eN2TSRPQMQJAzY8z8hhe86PP0=,,,test@test.com,Vodafone@123,Test,"",2021-09-19 07:04:00.79395+00,1,1,"",,2021-09-19 07:04:00.794027+00,,"(<'XSos;zZ",2021-09-19 07:04:00.987583+00,+97455555147,1,,,279,21,,9,78,3,1,,public/no_image.png,test@test.com,1,,,,,,1,,279,Test,2021-09-19 07:04:00.754538+00,2021-09-19 07:04:00.773708+00,,"0",,,,,,,,,,,,,,,,,,,12345,1960-02-10,2016-09-01,2000,avatars/tree-736885__480.jpg,,,,,,,,,,,,,,,,,"0",,,,,,,,,21,,,,3,,,,,,6,,78,1,,,1,,5,1,5,,,,,"0",1,"",50,
179,pbkdf2_sha256$180000$w4ivDWKnRyuo$vwsRvkE2ayk7Nkl87sQVZdf+KmRJveg/JPIdlMHuMCI=,,,qqqq@sjjds.vo,Aa123456,Awais,"",2021-09-05 07:16:18.615508+00,1,1,"",,2021-09-05 07:16:18.615582+00,,!fAqe6sl3iiM(dixZqq*Dve*oIBAmr,2021-09-05 07:16:18.753428+00,+9741222223333,1,,,230,,,9,15,3,1,,public/no_image.png,qqqq@sjjds.vo,1,,,,,,1,,230,Awais,2021-09-05 07:16:18.575657+00,2021-09-05 07:16:18.58663+00,,"0",,,,,,,,,,,,,,,,,,,123,1950-02-24,2021-09-07,122222,"",,,,,,,,,,,,,,,,,"0",,,,,,,,,,,,,4,,,,,,7,,15,1,,,"0",,5,1,5,,,,1,"0",1,"",50,
433,pbkdf2_sha256$180000$CdgANtisqunY$wcZ+mkfL6b1Q2kuSiAtfx6b/mSgf6/HaIJ7isJpVOtM=,2022-01-27 23:45:42.313664+00,,testdriverone@mailinator.com,123456@Sm,test,"",2022-01-27 22:47:40.462661+00,1,1,"",,2022-01-27 22:47:40.462719+00,,bttgw(Fe3Q4ikLDQbZMCh0vMWltPn@,2022-01-27 22:47:40.579832+00,+97400011111,1,,,509,213,,9,425,3,1,,public/no_image.png,testdriverone@mailinator.com,1,,,,,,1,,509,test Driver,2022-01-27 22:47:40.421009+00,2022-01-27 22:48:13.467385+00,,"0",,,,,,,,,,,,,,,,,,,73827483,1950-02-10,2022-01-19,1200,"",,,,,,,,,,,,,,,,,"0",,,,,,,,,213,,,,5,,,,,,7,,425,1,,,1,,5,1,5,,,,11,"0",1,"",50,
180,pbkdf2_sha256$180000$WXHv87R6Vuce$CpF3X6nJWW9C82JSMCr4htYBxMaEOqQ8V2nd3tbA5Hg=,,,testingdriver@gmail.com,Driver123,Test,"",2021-09-05 07:23:18.145102+00,1,1,"",,2021-09-05 07:23:18.145165+00,,jdCRyGrSpQd0ik*ARGkX5!6uy1p2IF,2021-09-05 07:23:18.278451+00,+9741234567890,1,,,231,,,9,15,3,2,,public/no_image.png,testingdriver@gmail.com,,,,,,,1,,231,Test driver,2021-09-05 07:23:18.1096+00,2021-09-10 11:57:30.350566+00,,"0",,,,,,,,,,,,,,,,,,,1234,1950-02-18,2021-09-08,100000,"",,,,,,,,,,,,,,,,,"0",,,,,,,,,,,,,3,,,,,,7,,15,1,,,"0",,5,1,5,,1,,1,"0",1,"",50,
434,pbkdf2_sha256$180000$cd77UeuYqTVd$fqdK5U3f8WG9+7hp/F8/AON6DKKQxIrM8eDE+uWHIXk=,2022-01-27 22:49:17.219681+00,,grapes@yopmail.com,Aa123456,NAGINA,"",2022-01-27 22:48:51.187125+00,1,1,"",,2022-01-27 22:48:51.18718+00,,MQDjk@j(V)3eyFxco0qPfTHbrEE(QN,2022-01-27 22:48:51.291274+00,+97444440000,1,,,511,214,,9,426,3,1,,public/no_image.png,grapes@yopmail.com,1,,eL74oquWvkKWnBWkZMPTy9:APA91bFw_P1FLWsO5ED7_S7jUA7vqUFRdd6EAx1j5dRpZ7E5sydzTX_57C1Iv42Yve0vxUHd-fe7H__ZzYSWZXQ9gmgsCegjNQakYDJEiMKehINFem3OJ7H994YdFiA4EHO9f0qtbqHO,,,,1,,511,NAGINA,2022-01-27 22:48:51.154483+00,2022-02-16 13:18:47.674586+00,,"0",,,,,,,,,,,,,,,,,,,5432,1950-02-14,2022-01-01,45000,avatars/download.jpg,,,,,,,,,,,,,,,,,"0",,,,,,,,,214,,,,4,,,,,,6,,426,1,,,1,,5,1,5,,,,13,"0",1,"",50,
55,pbkdf2_sha256$180000$s2EmR3i8AhLO$HakIquhTbNdvgroOkuzf7yKwjpayPY8iQh0whdS0bDQ=,2021-06-02 10:36:30.038557+00,,shamis.asghar@hypernymbiz.com,Aa123456,Shamis,"",2021-06-02 07:35:00.21876+00,1,1,"",,2021-06-02 07:35:00.218827+00,,5d60c3,2021-06-09 09:37:53.78027+00,+9743434343434,1,,,144,,,9,15,3,1,,public/no_image.png,shamis.asghar@hypernymbiz.com,1,,ekYn0SN5RiCLS_ah2JhWdu:APA91bHVVL415Jg-kI3tktUJQsq5dQbQt04FO7IBGb4xzOYMZGm1uL22yvgKVqCTNSkXA1RH4_g7gz9ZcuFXBZbZBWKQuPweo9OoxpLgYsDpbiRkUzKQvoee14HajEtaOHoJei4ks98B,,,,,,144,Shamis,2021-06-02 07:35:00.18188+00,2021-08-21 11:46:23.874855+00,,"0",,,,,,,,,,,,,,,,,,,31231232,1950-02-01,2021-06-03,23434324,"",,,,,,,,,,,,,,,,,"0",,,,,,,,,,,,,3,,,,,,7,,15,1,,,"0",,5,1,5,,,,1,"0",1,"",50,
60,pbkdf2_sha256$180000$VrG5CKciBZFG$kh1N3HaRmu3Qwg1Ilk3Jzu95Ji05bTs32JIOJmN3AyE=,,,shamsi@hawtmail.com,Aa123456,shamsiiiiiiiiiiiiiiiiiiii,"",2021-06-09 10:17:14.854445+00,1,1,"",,2021-06-09 10:17:14.854528+00,,G9dY17moWx$PD2JfYn@x$1O$XZuxM6,2021-06-09 10:17:15.021965+00,+9743232332322,1,,,147,,,9,15,3,1,,public/no_image.png,shamsi@hawtmail.com,1,,,,,,1,,147,shamsiiiiiiiiiiiiiiiiiiii,2021-06-09 10:17:14.800289+00,2021-06-09 10:17:14.823163+00,,"0",,,,,,,,,,,,,,,,,,,3232,1959-02-17,2021-06-04,34000,avatars/Auto-Rikshaw.jpg,,,,,,,,,,,,,,,,,"0",,,,,,,,,,,,,5,,,,,,6,,15,1,,,"0",,5,1,5,,,,,"0",1,"",50,
16,pbkdf2_sha256$180000$OY2Dc4FmpqeF$WmdYTSemOGHM+faB00i0YCmRmwN5NhaPol1Z2+l2L0E=,2022-03-07 11:20:31.059869+00,,email@77410,Aa123456,MaaZDriver,"",2021-05-29 13:15:29.18266+00,1,1,"",,2021-05-29 13:15:29.182734+00,, ,2021-05-29 13:15:29.304398+00,9022,1,,,3,9,,9,15,3,1,"0",public/no_image.png,email@31632,1,,cLNR-nUXc0Brp_qaWOUbeJ:APA91bEARjyMDU2OQAS8QNLehpn5r8t2GuRZXhWrCRBMRpH2pfOLSS5iWDL9r7cIu6xzvVNLwe4mhd7c2OHsIKdCUGJXmSKN3dCtxAaFXov6GTQeDS_0S8Z8_7FdBzgSou_miHxZkbTA,,,,,,3,MaaZDrivers,2021-05-29 13:15:29.142564+00,2022-04-24 08:03:37.752778+00,,"0",,,,,,,,,,,,,,,,,,,31554,1950-02-01,2021-05-29,34324234,avatars/salah_rPmE6aO.jpg,,,,,,,,,,,,,,,,,"0",,,,,,,,,9,,,,3,,,,,,7,,15,1,,,"0",,5,1,5,,,,2,"0",1,"",50,
61,pbkdf2_sha256$180000$87VXHRKG30il$kiUp2390Vk8julXI9M2WWCuxmbx8Zu7SYcczb6NyEtQ=,2021-06-09 11:17:08.725663+00,,aakku@hotmail.com,Paki@123,akku,"",2021-06-09 10:23:05.738187+00,1,1,"",,2021-06-09 10:23:05.738281+00,,SbWI9BkCm8xJ)W*XIAPxuk(ctF*WXm,2021-06-09 10:23:05.901223+00,+97444444444,1,,,148,,,9,15,3,2,,public/no_image.png,aakku@hotmail.com,1,,ekYn0SN5RiCLS_ah2JhWdu:APA91bHVVL415Jg-kI3tktUJQsq5dQbQt04FO7IBGb4xzOYMZGm1uL22yvgKVqCTNSkXA1RH4_g7gz9ZcuFXBZbZBWKQuPweo9OoxpLgYsDpbiRkUzKQvoee14HajEtaOHoJei4ks98B,,,,1,,148,akku,2021-06-09 10:23:05.690485+00,2021-08-21 11:47:24.843891+00,,"0",,,,,,,,,,,,,,,,,,,874387,1950-02-02,2021-06-02,23000,"",,,,,,,,,,,,,,,,,"0",,,,,,,,,,,,,3,,,,,,7,,15,1,,,"0",,5,1,5,,,,3,"0",1,"",50,
245,pbkdf2_sha256$180000$56elpdJTOgDZ$HPjA/VrFixbY4wo9064CUXViYNFkNYO3zXhbb+BajEs=,,,hi@hi.com,Aa123456@,me,"",2021-10-06 09:20:43.436838+00,1,1,"",,2021-10-06 09:20:43.436921+00,,LnggykMZO4WJprwfzrf@FeU9Dt)ZHt,2021-10-06 09:20:43.717056+00,+97400000000,1,,,291,,,9,244,3,1,,public/no_image.png,hi@hi.com,1,,,,,,1,,291,me,2021-10-06 09:20:43.3813+00,2021-10-06 09:20:43.397623+00,,"0",,,,,,,,,,,,,,,,,,,"0880",1950-02-09,2021-10-05,190090,"",,,,,,,,,,,,,,,,,"0",,,,,,,,,,,,,3,,,,,,7,,244,1,,,"0",,5,1,5,,,,,"0",1,"",50,
183,pbkdf2_sha256$180000$IFqAmRQAqxjh$hheE5Va/zWXs8U2lzp6ZTJhga1gOLHAW6+13jHoPG/c=,,,email@62385,Abc@1234,Rukshan,"",2021-09-06 08:11:58.07603+00,1,1,"",,2021-09-06 08:11:58.076108+00,,Pl$KHjp)CuN@Q*1$gvjlg9K@sCyW9v,2021-09-06 08:11:58.209948+00,"0",1,,,236,,,9,15,3,1,"0",public/no_image.png,email@15126,1,,,,,,1,,236,Rukshan Abdul Cader,2021-09-06 08:11:58.030907+00,2021-09-06 12:15:33.63453+00,,"0",,,,,,,,,,,,,,,,,,,3353,1971-09-04,2017-01-12,2500,avatars/WhatsApp_Image_2021-09-05_at_15.30.43.jpeg,,,,,,,,,,,,,,,,,"0",,,,,,,,,,,,,3,,,,,,6,,15,1,,,"0",,5,1,5,,,,,"0",1,"",50,
165,pbkdf2_sha256$180000$9fXe2OcM9HUV$LkKyZj+a3gMpLuvXmhzQXeICvCV+/7s9xEjD3cnIMcg=,,,email@17238,Abcd1245,kfdjgbikf,"",2021-08-26 08:46:06.504154+00,1,1,"",,2021-08-26 08:46:06.504229+00,,Assvz6E15pDxGjeML4$DG$O6Q0Ofu(,2021-08-26 08:46:06.652378+00,60722,1,,,211,,,9,15,3,2,"0",public/no_image.png,email@50583,1,,,,,,1,,211,kfdjgbikf,2021-08-26 08:46:06.457307+00,2021-08-26 08:46:35.194254+00,,"0",,,,,,,,,,,,,,,,,,,55908,1964-04-02,2021-08-02,50000,avatars/bar.png,,,,,,,,,,,,,,,,,"0",,,,,,,,,,,,,4,,,,,,8,,15,1,,,"0",,5,1,5,,,,1,"0",1,"",50,
166,pbkdf2_sha256$180000$OO9pPxP9Rqs4$gb5A5c8XdtuATN+G8hmnNOFRJV4fIYoLpt09KdcgQjQ=,,,email@76376,Aa123456,Mohamed,"",2021-08-26 08:50:15.889521+00,1,1,"",,2021-08-26 08:50:15.889592+00,,8d((SrbVAuGV76Una7zheeCJqnA2c*,2021-08-26 08:50:16.03874+00,46840,1,,,212,,,9,15,3,1,"0",public/no_image.png,email@27637,1,,,,,,1,,212,Mohamed Rukshan Abdul Cad,2021-08-26 08:50:15.840736+00,2021-08-26 09:10:11.619004+00,,"0",,,,,,,,,,,,,,,,,,,77175,1971-09-04,2017-01-12,2500,avatars/temp-email.png,,,,,,,,,,,,,,,,,"0",,,,,,,,,,,,,3,,,,,,6,,15,1,,,"0",,5,1,5,,,,,"0",1,"",50,
187,pbkdf2_sha256$180000$pdL3SZFTpeGu$edkueeG9v7PO6qcy8+caalfX22QpmOuTyrx3+bcO/w0=,,,email@16424,Abc@1234,Rukshan,"",2021-09-06 12:20:37.845177+00,1,1,"",,2021-09-06 12:20:37.845252+00,,$ZqrTh87YvYhCwYHivCi(izMwjpel!,2021-09-06 12:20:37.993477+00,4466,1,,,242,,,9,15,3,1,"0",public/no_image.png,email@1599,1,,,,,,1,,242,Rukshan Abdul Cader,2021-09-06 12:20:37.800478+00,2021-09-06 13:16:08.905822+00,,"0",,,,,,,,,,,,,,,,,,,58626,1971-09-04,2017-01-12,2500,avatars/something_001.jpg,,,,,,,,,,,,,,,,,"0",,,,,,,,,,,,,3,,,,,,6,,15,1,,,"0",,5,1,5,,,,,"0",1,"",50,
224,pbkdf2_sha256$180000$yysrQtKozVne$F68cfL6mEoq6O0rUlh62VBZcvevqCNWbE5TMMjMflpE=,,,email@89415,dsfsfA1fdfdg,Test,"",2021-09-16 08:40:22.891913+00,1,1,"",,2021-09-16 08:40:22.891982+00,,yrb7td@4wqOnxyJi)OW@q$7cg(IJml,2021-09-16 08:40:23.553535+00,1800,1,,,272,,,9,15,3,1,"0",public/no_image.png,email@57004,1,,,,,,1,,272,Test,2021-09-16 08:40:22.609361+00,2021-09-16 08:44:16.272727+00,,"0",,,,,,,,,,,,,,,,,,,83718,1950-02-07,2021-09-10,2000,avatars/pp.jfif,,,,,,,,,,,,,,,,,"0",,,,,,,,,,,,,3,,,,,,8,,15,1,,,"0",,5,1,5,,,,,"0",1,"",50,
175,pbkdf2_sha256$180000$hhhEjL1bhwvV$JDa2hB94KR0BEUuQ2AF8cCbBPzQ6+Jrid5brShLgOzk=,,,email@70956,Abcd@123,Mohyuddin,"",2021-09-03 04:56:13.401056+00,1,1,"",,2021-09-03 04:56:13.401154+00,,iNbzfkPRXoCVPIRqmRAZVvA8UnucET,2021-09-03 04:56:13.528066+00,74763,1,,,226,,,9,15,3,1,"0",public/no_image.png,email@33292,1,,,,,,1,,226,Mohyuddin,2021-09-03 04:56:13.352011+00,2021-09-03 05:04:17.859341+00,,"0",,,,,,,,,,,,,,,,,,,87912,1971-09-04,2017-01-12,2500,avatars/SuperMarioRunHP.jpg,,,,,,,,,,,,,,,,,"0",,,,,,,,,,,,,3,,,,,,6,,15,1,,,"0",,5,1,5,,,,,"0",1,"",50,
197,pbkdf2_sha256$180000$0qm8TX00I4Jt$4OVSQOdeRqD6zHOl8ZnskKvfS964EaGg0fy/Jl7oc9c=,,,email@69609,Abc@1234,Rukshan,"",2021-09-06 13:38:02.341346+00,1,1,"",,2021-09-06 13:38:02.341408+00,,z*FCI08nu79cr(dR$qybbyN8!tKkka,2021-09-06 13:38:02.517143+00,23502,1,,,251,,,9,15,3,1,"0",public/no_image.png,email@53402,1,,,,,,1,,251,Rukshan Abdul Cader,2021-09-06 13:38:02.288226+00,2021-09-06 13:40:17.613482+00,,"0",,,,,,,,,,,,,,,,,,,10777,1971-09-04,2017-01-12,2500,avatars/WhatsApp_Image_2021-09-05_at_15.30.43_jizbi2t.jpeg,,,,,,,,,,,,,,,,,"0",,,,,,,,,,,,,3,,,,,,6,,15,1,,,"0",,5,1,5,,,,,"0",1,"",50,
178,pbkdf2_sha256$180000$T4w2ZaKBzqK2$BPoxO9JDmQY3admb9SFGtHj8RcGPkw2DnpntDO00VBw=,,,email@89667,Abcd@123,Rukshan,"",2021-09-03 05:29:42.337752+00,1,1,"",,2021-09-03 05:29:42.337811+00,,Xp5*uvtIf*(NThrCLKeQhxN2F*o2IA,2021-09-03 05:29:42.472759+00,36133,1,,,229,,,9,15,3,1,"0",public/no_image.png,email@40543,1,,,,,,1,,229,Rukshan Abdul Cader,2021-09-03 05:29:42.29655+00,2021-09-06 08:09:25.946231+00,,"0",,,,,,,,,,,,,,,,,,,8422,1971-09-04,2017-01-12,2500,avatars/SuperMarioRunHP.jpg,,,,,,,,,,,,,,,,,"0",,,,,,,,,,,,,3,,,,,,6,,15,1,,,"0",,5,1,5,,,,,"0",1,"",50,
174,pbkdf2_sha256$180000$nfnrhltqVn3D$DsM+nuKodJ9cs+h/4fWpmBwySyRU1y8lAWavuCCOTKs=,,,email@26003,Abcd@123,Mohyuddin,"",2021-09-03 04:53:14.437507+00,1,1,"",,2021-09-03 04:53:14.43757+00,,PH3CUZwgwvfphfY$kVrl$lSW10Ql2A,2021-09-03 04:53:14.564814+00,97745,1,,,225,,,9,15,3,1,"0",public/no_image.png,email@6638,1,,,,,,1,,225,Mohyuddin,2021-09-03 04:53:14.403302+00,2021-09-03 04:53:34.63249+00,,"0",,,,,,,,,,,,,,,,,,,69765,1997-04-02,2021-03-02,400,"",,,,,,,,,,,,,,,,,"0",,,,,,,,,,,,,3,,,,,,7,,15,1,,,"0",,5,1,5,,,,,"0",1,"",50,
164,pbkdf2_sha256$180000$jq6LvPB7EDdx$2oQeaBoB9Eb9JqP8lRhuIA0eFFuIluZuKlammoXvPw0=,,,maazkhan.ciiita@sdas.com,Test@123,Test,"",2021-08-26 07:51:29.43474+00,1,1,"",,2021-08-26 07:51:29.434807+00,,3xv@t@HyLODIjQQ80i$FJJwmxOXrel,2021-08-26 07:51:29.572291+00,+974+97487749581,1,,,210,,,9,15,3,1,,public/no_image.png,maazkhan.ciiita@sdas.com,,,,,,,1,,210,Test,2021-08-26 07:51:29.394168+00,2021-08-26 08:18:16.385043+00,,"0",,,,,,,,,,,,,,,,,,,545,1950-02-13,2021-08-23,23124234,"",,,,,,,,,,,,,,,,,"0",,,,,,,,,,,,,3,,,,,,6,,15,1,,,"0",,5,1,5,,,,1,"0",1,"",50,
218,pbkdf2_sha256$180000$3Dz2VViTZk1A$5lYmKc2ce/eXb5r+TyTBorlz76AQ3wR2UQPOdLD8rXo=,2021-09-20 06:02:37.318797+00,,mobiledriver@gmail.com,Aa123456,Mobile,"",2021-09-14 06:25:58.049503+00,1,1,"",,2021-09-14 06:25:58.049574+00,,HuZ6E2EP9(zp00gtwSKnz71go0JOCK,2021-09-14 06:25:58.194112+00,+97490292901,1,,,267,,,9,15,3,1,,public/no_image.png,mobiledriver@gmail.com,1,,dJha6eyoR-SIElP9ONrmCc:APA91bHGODIOiaubH2dqY_8UUqKMl43dxMjHEo_zCQ_Z9Ir_wH2cRbbV2miaw3veSeagiCmMyA3PJcX0DZp7Ed1DNqRwzOLW0i3R94E6fJtnGMzZbdZAO0nwfDi0RjfRmCgtn4KFOy62,,,,1,,267,Mobile Driver Name,2021-09-14 06:25:58.00805+00,2021-09-15 11:52:46.906176+00,,"0",,,,,,,,,,,,,,,,,,,2,1950-02-28,2021-09-01,2500,avatars/SuperMarioRunHP_2b5ZvRX.jpg,,,,,,,,,,,,,,,,,"0",,,,,,,,,,,,,3,,,,,,7,,15,1,,,"0",,5,1,5,,,,,"0",1,"",50,
176,pbkdf2_sha256$180000$eTMr4nn6SP6H$mv+FMoeA3pZTb6kolm/T+NAh2H1AJ8CNZT0NuDUiGsg=,,,email@88072,Abcd@123,Rukshan,"",2021-09-03 05:07:29.449653+00,1,1,"",,2021-09-03 05:07:29.449703+00,,$ch49MTd@RiuOfqH(nXgi@gWW3GpT6,2021-09-03 05:07:29.564271+00,73291,1,,,227,,,9,15,3,1,"0",public/no_image.png,email@63413,1,,,,,,1,,227,Rukshan Abdul Cader,2021-09-03 05:07:29.415715+00,2021-09-03 05:22:30.745847+00,,"0",,,,,,,,,,,,,,,,,,,14615,1971-09-04,2017-01-12,2500,avatars/SuperMarioRunHP.jpg,,,,,,,,,,,,,,,,,"0",,,,,,,,,,,,,3,,,,,,6,,15,1,,,"0",,5,1,5,,,,,"0",1,"",50,
225,pbkdf2_sha256$180000$Ke6CZqlfTKcV$vc6WuJNYA3m+Ew7E//85eLCItSLmGbGUTHuiULODfG4=,,,mn@gmail.com,Aqwdff1234,Test,"",2021-09-16 08:48:32.071899+00,1,1,"",,2021-09-16 08:48:32.071973+00,,378po5ebT)JKNiTyHjN5ncawMkxFAU,2021-09-16 08:48:32.295581+00,+97434234345,1,,,273,,,9,15,3,1,,public/no_image.png,mn@gmail.com,1,,,,,,1,,273,Test,2021-09-16 08:48:32.013559+00,2021-09-16 08:48:32.048016+00,,"0",,,,,,,,,,,,,,,,,,,1233523,1950-02-15,2021-09-15,2000,avatars/pp.jfif,,,,,,,,,,,,,,,,,"0",,,,,,,,,,,,,4,,,,,,6,,15,1,,,"0",,5,1,5,,,,,"0",1,"",50,
226,pbkdf2_sha256$180000$eTcwTWsNBzUa$ULoKa4qsCRnUNj72Fs6zipPK6/PnREkRSTo20p6KNUc=,,,tt@t.com,Aa123456,jedje,"",2021-09-16 09:19:58.24413+00,1,1,"",,2021-09-16 09:19:58.2442+00,,JBFOdXvnu00JQLpikD8xRBKfwoT@cQ,2021-09-16 09:19:58.441782+00,+9741288282828,1,,,274,,,9,15,3,1,,public/no_image.png,tt@t.com,1,,,,,,1,,274,jedje,2021-09-16 09:19:58.199851+00,2021-09-16 09:19:58.219437+00,,"0",,,,,,,,,,,,,,,,,,,121212,1950-02-14,2021-09-23,2299,avatars/WhatsApp_Image_2021-09-10_at_9.57.32_PM.jpeg,,,,,,,,,,,,,,,,,"0",,,,,,,,,,,,,3,,,,,,8,,15,1,,,"0",,5,1,5,,,,1,"0",1,"",50,
535,pbkdf2_sha256$180000$xOVI4mRBOzaS$Uu8VcDLlU1tRST1iwGDdNeLgUxCCcdiG50raaeac9ms=,2022-03-01 01:14:47.563675+00,,email@12545,123456@Sm,test,"",2022-02-28 19:46:22.390611+00,1,1,"",,2022-02-28 19:46:22.390664+00,,Gg5WRQmzlwF$MausA@o2dzo(m1C5V),2022-02-28 19:46:22.519801+00,52785,1,,,583,9,,9,47,3,1,"0",public/no_image.png,email@21325,,,,,,,1,,583,test Driver,2022-02-28 19:46:22.328873+00,2022-04-24 07:58:31.534582+00,,"0",,,,,,,,,,,,,,,,,,,37514,1950-02-01,2022-02-22,92378,avatars/d4_-_Copy.jpg,,,,,,,,,,,,,,,,,"0",,,,,,,,,9,,,,3,,,,,,7,,47,1,,,"0",,5,1,5,,,,,"0",1,"",50,
446,pbkdf2_sha256$180000$UZ84lBGg8Jjs$bYuNmZ2m3GhkeepF3Jyji8q42C09rvq5QF2HqnwZ9U8=,,,email@54157,Hina@123,Hina,"",2022-02-10 10:40:28.56547+00,1,1,"",,2022-02-10 10:40:28.565528+00,,ruKyU3!f0FctT)AO0TZSoG7QHvA6wX,2022-02-10 10:40:28.683393+00,69485,1,,,524,199,,9,405,3,1,"0",public/no_image.png,email@88510,1,,,,,,1,,524,Hina Driver,2022-02-10 10:40:28.525935+00,2022-02-10 10:42:27.000205+00,,"0",,,,,,,,,,,,,,,,,,,36990,1950-02-07,2022-02-10,200,"",,,,,,,,,,,,,,,,,"0",,,,,,,,,199,,,,4,,,,,,6,,405,1,,,"0",,5,1,5,,,,,"0",1,"",50,
561,pbkdf2_sha256$180000$q6VR9UrkCaj2$S/jQy0UHdbAY1NyMpiDpnk92Kmcmj/dmgx7LJ+Vt79M=,,,email@63617,Banana123,DDrive,"",2022-03-14 06:52:32.907869+00,1,1,"",,2022-03-14 06:52:32.907931+00,,@gcAqctfh@c(fvPywzo4RJ3mq@JW3Y,2022-03-14 06:52:33.066934+00,37576,1,,,599,146,,9,303,3,1,"0",public/no_image.png,email@88572,1,,,,,,1,,599,DDrive,2022-03-14 06:52:32.854795+00,2022-03-14 08:09:27.894386+00,,"0",,,,,,,,,,,,,,,,,,,45063,1950-02-09,2022-03-15,60,"",,,,,,,,,,,,,,,,,"0",,,,,,,,,146,,,,5,,,,,,8,,303,1,,,"0",,5,1,5,,,,,"0",1,"",50,
407,pbkdf2_sha256$180000$29uKrpMTOzEZ$sjoQkcCysjUSA2KLuW25VlBanVEOp2X7Bu9/+Yn5WYc=,,,testdriver@mailinator.com,123456@Sm,Test,"",2022-01-13 21:59:40.442767+00,1,1,"",,2022-01-13 21:59:40.442818+00,,qmc!2h6yYymmZUfaY8KkElsC4ny2hR,2022-01-13 21:59:40.557349+00,+97439249325,1,,,461,196,,9,384,3,1,,public/no_image.png,testdriver@mailinator.com,1,,,,,,1,,461,Test Driver,2022-01-13 21:59:40.413479+00,2022-01-13 21:59:40.420092+00,,"0",,,,,,,,,,,,,,,,,,,283920490,1950-02-09,2022-01-12,10000,"",,,,,,,,,,,,,,,,,"0",,,,,,,,,196,,,,3,,,,,,6,,384,1,,,1,,5,1,5,,,,,"0",1,"",50,
525,pbkdf2_sha256$180000$DIc0sPlqXqZv$L8JRzRco1ADJSfToPB2flwgC993lKG8m0WpGDL+udvE=,2022-08-15 10:23:45.925337+00,,driver@now.com,Aa123456@,Driver,"",2022-02-28 03:20:33.427027+00,1,1,"",,2022-02-28 03:20:33.42708+00,,($uq@3PVKDBIKGatdmy4qvlXK713bB,2022-02-28 03:20:33.561665+00,+97411223344,1,,,575,146,,9,303,3,1,,public/no_image.png,driver@now.com,1,,deT0exlZSFiAm2SP2SpQXU:APA91bEPTAn9liU6p6ldXNxGvXnRfAnDWvcB1y061AOiU_5k3L60njhCvLScbjxsUXZrQPB3qxFDp5Gb5zTe8EoIzHDZxo_dQmRscct54xL2K9a5RWXRJPVs_6IUjWCEhK_ezJGqGt3U,,,,1,,575,Driver now,2022-02-28 03:20:33.360594+00,2022-03-11 20:30:05.673016+00,,"0",,,,,,,,,,,,,,,,,,,1122,1950-02-15,2022-02-15,233,"",,,,,,,,,,,,,,,,,"0",,,,,,,,,146,,,,3,,,,,,6,,525,1,,,1,,5,1,5,,,,,"0",1,"",50,1
436,pbkdf2_sha256$180000$BuspaRa7r2zg$NHgpzj6YqF6jHsP8s6+GtQsRNj7cJTnPiM6MTTue/x8=,,,ramzan@yopmail.com,Aa123456,Ramzan,"",2022-01-28 10:45:16.493864+00,1,1,"",,2022-01-28 10:45:16.493927+00,,!XE!G1EZPjh5cU1x4$a)y1(zckVO02,2022-01-28 10:45:16.607452+00,+97499896565,1,,,520,203,,9,411,3,1,,public/no_image.png,ramzan@yopmail.com,,,,,,,1,,520,Ramzan,2022-01-28 10:45:16.453827+00,2022-01-28 10:45:42.222822+00,,"0",,,,,,,,,,,,,,,,,,,271652376572532,1961-09-06,2018-11-08,10000,avatars/download_TYa5Pk4.png,,,,,,,,,,,,,,,,,"0",,,,,,,,,203,,,,3,,,,,,6,,411,1,,,1,,5,1,5,,,,10,"0",1,"",50,
608,pbkdf2_sha256$180000$xvK8Di5kLkeL$FvDC96GhWjl43cak6soQVzwRRwZJe9KHI9HiDtNBZus=,2022-04-13 10:49:44.788691+00,,driverforh@yopmail.com,Support@123,DriverforH,"",2022-04-13 10:44:42.372264+00,1,1,"",,2022-04-13 10:44:42.372323+00,,LBeWjLee1bdTUfyZJlPOm0PM6d05Fp,2022-04-13 10:44:42.513525+00,+97456765676,1,,,648,146,,9,303,3,1,,public/no_image.png,driverforh@yopmail.com,1,,dzg0MwL4QPaiobjDaOtCU9:APA91bF1DmcKf-jjgfDVWEFX9Y1F4I03h6PXT0ss5eIKbkpyimNBC9HH1iEacCLTWMO13mAxn3oFiV0fKfUKh2SkIGOF9G5rOuVvKrpDMh7_ExtYqPGTP5VG4QEMKTJ_BJ0N8QmdsPuA,,,,1,,648,DriverforH,2022-04-13 10:44:42.329787+00,2022-09-15 09:54:28.865061+00,,"0",,,,,,,,,,,,,,,,,,,23231313,1950-02-15,2022-04-13,4000,"",,,,,,,,,,,,,,,,,"0",,,,,,,,,146,,,,3,,,,,,7,,303,1,,,1,,5,1,5,,,,16,"0",1,"",50,
388,pbkdf2_sha256$180000$Oitc7aXC0i5a$GlXx3XQvq60Aa5LxoE1L7lXmfynpxoXDPLiPOzGpCkM=,,,driverdriver@yopmail.com,Aa123456@,isma,"",2021-12-29 11:31:38.689512+00,1,1,"",,2021-12-29 11:31:38.689565+00,,N8I@Qdu70g8wL9oCtnc(IH0$OyijgQ,2021-12-29 11:31:38.802191+00,+974+97455554444,1,,,444,195,,9,383,3,1,,public/no_image.png,driverdriver@yopmail.com,1,,,,,,1,,444,isma driver test,2021-12-29 11:31:38.659966+00,2021-12-29 11:31:38.668227+00,,"0",,,,,,,,,,,,,,,,,,,1234353453,1950-02-01,2021-12-29,45000,"",,,,,,,,,,,,,,,,,"0",,,,,,,,,195,,,,4,,,,,,7,,383,1,,,1,,5,1,5,,,,,"0",1,"",50,
418,pbkdf2_sha256$180000$1vdUwj2u5Mxj$grp0NjzpJyOOHO/nB9Qc9t+hpOPdroz3vFHq0iXmdgc=,2022-02-15 12:40:58.278489+00,,email@32781,Aa123456,akashi,"",2022-01-25 15:28:24.010785+00,1,1,"",,2022-01-25 15:28:24.010844+00,, ,2022-01-25 15:28:24.11689+00,13720,1,,,498,9,,9,47,3,1,"0",public/no_image.png,email@10007,,,,,,,,,498,akashu,2022-01-25 15:28:23.98044+00,2022-04-24 08:11:05.464602+00,,"0",,,,,,,,,,,,,,,,,,,79240,1950-02-01,2022-01-01,34,avatars/WhatsApp_Image_2022-02-16_at_1.14.54_PM_1.jpeg,,,,,,,,,,,,,,,,,"0",,,,,,,,,9,,,,4,,,,,,6,,47,1,,,"0",,5,1,5,,,,,"0",1,"",50,
417,pbkdf2_sha256$180000$e2GCOWKJuJti$2UkD62gG9ntdSvMcl8l6+Yylpn/zSJKe2yXwCxmb+qw=,,,josephalba@gmail.com,Aa123456,joseph,"",2022-01-25 08:48:51.680913+00,1,1,"",,2022-01-25 08:48:51.680971+00,,YYK32jtJgjNnVXL8fBWHVT)(H7a0Y@,2022-01-25 08:48:51.787785+00,+97405590412,1,,,493,210,,9,416,3,1,,public/no_image.png,josephalba@gmail.com,1,,,,,,1,,493,joseph,2022-01-25 08:48:51.639199+00,2022-01-25 08:48:51.656588+00,,"0",,,,,,,,,,,,,,,,,,,1214,1990-02-01,2022-01-01,2000,"",,,,,,,,,,,,,,,,,"0",,,,,,,,,210,,,,3,,,,,,7,,416,1,,,1,,5,1,5,,,,,"0",1,"",50,
415,pbkdf2_sha256$180000$0jqu2EhhWeGX$XT/zosxyfsETTfDPGBW4eqJlXaPCXhRJJft5TRu+kaA=,2022-01-26 09:49:06.862326+00,,pvt.driver@yopmail.com,Awais12345,Awais,"",2022-01-24 11:27:53.172403+00,1,1,"",,2022-01-24 11:27:53.172461+00,, ,2022-01-24 11:27:53.279504+00,+97409999999,1,,,490,199,,9,405,3,1,,public/no_image.png,pvt.driver@yopmail.com,1,,db-tB-0CmEUisXD5vi8Etu:APA91bEAghw7H9W-gddvsGfNDsBw2gCgObQFpu99Pq3Bsr5Ll-WSNJb9s0uE5mxfVQPFHB5dfREuVAIanKTe0-orjeqQb-8Jo291L3LE4sZia8uFPX0WZbCgTHu9q4ppNiEB8kVTswko,,,,,,490,Awais,2022-01-24 11:27:53.139825+00,2022-01-24 11:27:53.14849+00,,"0",,,,,,,,,,,,,,,,,,,123,1950-02-08,2022-01-27,78,"",,,,,,,,,,,,,,,,,"0",,,,,,,,,199,,,,3,,,,,,6,,405,1,,,1,,5,1,5,,,,,"0",1,"",50,
515,pbkdf2_sha256$180000$jiygGpD2xaqO$vl6P0dVAJE/xtZ3J01/hPLAbf44Wyp4tRqdw3uzFAAQ=,2022-02-28 21:42:16.668424+00,,email@1811,Aa123456,final,"",2022-02-28 01:05:10.541013+00,1,1,"",,2022-02-28 01:05:10.541063+00,, ,2022-02-28 01:05:10.666609+00,42999,1,,,562,9,,9,47,3,1,"0",public/no_image.png,email@60396,1,,eE8bCO1fRDmRLAeMrP9rDB:APA91bEElkIQFuA8gVbSfIOAgIN9UR7WRztoXgTZZJLpTLw4sOQN8Lij2GH7IVf3uofVl0zSxW84386FTk061M-JF8ULcLcsiykKI8ZuyMY3JYFMUbdAHsi_dV94bZ347awMF4BoUYBr,,,,,,562,final,2022-02-28 01:05:10.375911+00,2022-04-24 08:11:05.475817+00,,"0",,,,,,,,,,,,,,,,,,,54993,1950-02-08,2022-02-02,678,avatars/WhatsApp_Image_2022-02-16_at_1.14.53_PM.jpeg,,,,,,,,,,,,,,,,,"0",,,,,,,,,9,,,,3,,,,,,8,,47,1,,,"0",,5,1,5,,1,,,"0",1,"",50,
516,pbkdf2_sha256$180000$jSWT505OzXwP$xaDJuEarLtSWV3f90cbzRMJoWZ8zDMpuwlZk/GF71Rk=,,,email@68144,123456@Sm,PVT,"",2022-02-28 01:06:18.302338+00,1,1,"",,2022-02-28 01:06:18.302386+00,,Xb$)IN7mRkDHNq0RDJiDdSi!KOtEaU,2022-02-28 01:06:18.426497+00,78457,1,,,564,9,,9,513,3,1,"0",public/no_image.png,email@620,1,,,,,,1,,564,PVT Driver,2022-02-28 01:06:18.141733+00,2022-04-24 08:01:50.973063+00,,"0",,,,,,,,,,,,,,,,,,,5694,1950-02-21,2022-02-23,10333,avatars/d3.png,,,,,,,,,,,,,,,,,"0",,,,,,,,,9,,,,3,,,,,,6,,513,1,,,"0",,5,1,5,,,,,"0",1,"",50,
494,pbkdf2_sha256$180000$QNp6gb75AT5U$vVcYud9jxqjqWMqt66jXQoToW2FaBvIkmXC7BojHDMs=,2022-02-20 12:16:25.487825+00,,email@43015,Aa123456,prod,"",2022-02-19 07:11:17.420394+00,1,1,"",,2022-02-19 07:11:17.420461+00,,wzLvfc@M(D)b*p@i298M72oZ(GWy2R,2022-02-19 07:11:17.565019+00,76879,1,,,554,9,,9,47,3,1,"0",public/no_image.png,email@61729,,,cLNR-nUXc0Brp_qaWOUbeJ:APA91bEARjyMDU2OQAS8QNLehpn5r8t2GuRZXhWrCRBMRpH2pfOLSS5iWDL9r7cIu6xzvVNLwe4mhd7c2OHsIKdCUGJXmSKN3dCtxAaFXov6GTQeDS_0S8Z8_7FdBzgSou_miHxZkbTA,,,,1,,554,prod mirror new drivern,2022-02-19 07:11:17.193176+00,2022-04-24 08:11:05.484614+00,,"0",,,,,,,,,,,,,,,,,,,50389,1950-02-01,2022-02-15,554,avatars/me2_Snr3kG2.png,,,,,,,,,,,,,,,,,"0",,,,,,,,,9,,,,4,,,,,,6,,47,1,,,"0",,5,1,5,,,,,"0",1,"",50,
536,pbkdf2_sha256$180000$DS4OwwQCs1SX$XQX1pSxqjoyyyTw1rLY7DUSUtQMpMeRK2EmM8SBtZwg=,,,email@17272,"fggg3gG""",Driver,"",2022-02-28 21:38:52.763049+00,1,1,"",,2022-02-28 21:38:52.763141+00,,TIF)LHeXxV4pKXBQNsnwC4vZaSNte8,2022-02-28 21:38:52.882689+00,77627,1,,,585,146,,9,303,3,2,"0",public/no_image.png,email@72459,,,,,,,1,,585,Driver,2022-02-28 21:38:52.504106+00,2022-02-28 21:39:12.814503+00,,"0",,,,,,,,,,,,,,,,,,,43182,1950-02-07,2022-03-09,2000,avatars/WhatsApp_Image_2022-02-20_at_13.39.04_DHdkDv8.jpeg,,,,,,,,,,,,,,,,,"0",,,,,,,,,146,,,,3,,,,,,6,,303,1,,,"0",,5,1,5,,,,,"0",1,"",50,
340,pbkdf2_sha256$180000$mcwsBJJ7ZDs9$U7u6ylXMTi2bPN1LuTweqfyL5Qk5o9UCw72kS/CQLc8=,,,na@na.na,Welcome@01,Afzal,"",2021-12-01 09:31:29.017296+00,1,1,"",,2021-12-01 09:31:29.017345+00,,JfnaWc0T@0lJBn*alY55SkJPW0haQo,2021-12-01 09:31:29.129856+00,+97470619039,1,,,386,149,,9,312,3,1,,public/no_image.png,na@na.na,1,,,,,,1,,386,Afzal,2021-12-01 09:31:28.988155+00,2022-11-17 01:30:05.107781+00,,"0",,,,,,,,,,,,,,,,,,,"000000",1950-02-08,2021-11-02,"0","",,,,,,,,,,,,,,,,,"0",,,,,,,,,149,,,,3,,,,,,6,,340,1,,,1,,5,1,5,,,,7,"0",1,"",50,1
539,pbkdf2_sha256$180000$KrAlV2FiWy7q$mWSwrl6uVloq5fF5eX7rrG7/a6oA4CiY3NyvWGDDnpc=,2022-03-01 01:32:08.337123+00,,email@7199,Aa123456@,Nouman,"",2022-03-01 01:16:13.572083+00,1,1,"",,2022-03-01 01:16:13.572138+00,,P8wKB5U2A5yh62oGL$wFF3lH)41LRj,2022-03-01 01:16:13.715982+00,5554,1,,,593,9,,9,47,3,1,"0",public/no_image.png,email@20919,1,,fOC8wb5bRg2tBorJ6VAriv:APA91bEOcgmNmQ8rfUsU4mHMWlbhU0GdA0TNt1iBatgINJT2xn3cSxd6oo6IrtS9Sa2fKOHd_-0JEI9lQ7VfTH1MmGLsyvSiYmiS-Las95CRNHtiyBUB4D4OpTHyDzfNHcynMEERDJVG,,,,1,,593,Nouman,2022-03-01 01:16:13.514435+00,2022-04-24 07:58:58.097246+00,,"0",,,,,,,,,,,,,,,,,,,73776,1993-03-09,2022-03-01,1,"",,,,,,,,,,,,,,,,,"0",,,,,,,,,9,,,,3,,,,,,6,,47,1,,,"0",,5,1,5,,,,,"0",1,"",50,
611,pbkdf2_sha256$180000$dDyvRPXd7jV5$RcfYtJmDFl6UbQmdsspsY4rMc54bvIwVnrhF3CHknPs=,2022-08-15 15:39:24.905518+00,,marwanhazman.driver@gmail.com,Aa123456@,Marwan,"",2022-04-24 08:06:28.458329+00,1,1,"",,2022-04-24 08:06:28.458413+00,,BlOWwl830BjaXMQQDKODBqWQZESA1K,2022-04-24 08:06:28.573949+00,+97477775603,1,,,649,9,,9,47,3,1,,public/no_image.png,marwanhazman.driver@gmail.com,,,eG9s--WjSeehgTev7bsoFS:APA91bE3uNV8orZVNXEjeAts5fnM8vpzg3yPiM1GFIwaTqko3kBugAhJfVD2goaogXqPS2BprffkC53UfOi0oplty34dwXG7RSN0G5p3bN4LRDQrKn8bNRBnwWpJIzYw5VsmzCiq8Lw_,,,,1,,649,Marwan,2022-04-24 08:06:28.422994+00,2022-06-05 10:35:22.426629+00,,"0",,,,,,,,,,,,,,,,,,,1234567,1985-01-01,2015-01-01,12345,"",,,,,,,,,,,,,,,,,"0",,,,,,,,,9,,,,3,,,,,,6,,47,1,,,1,,5,1,5,,,,5,"0",1,"",50,
612,pbkdf2_sha256$180000$O5xF2uvbHvYV$QTUU7bquM2a7NPqhAIHXm9Ov+YT4CrhdCIktO0vNpe4=,,,ashishchopra.drvier@gmail.com,Aa123456@,Ashish,"",2022-04-24 08:09:18.1773+00,1,1,"",,2022-04-24 08:09:18.177357+00,,w19xzhyKKkWJ3nuH!nHoARQQMu7yym,2022-04-24 08:09:18.290416+00,+97477775139,1,,,650,9,,9,47,3,1,,public/no_image.png,ashishchopra.drvier@gmail.com,1,,,,,,1,,650,Ashish Chopra,2022-04-24 08:09:18.146312+00,2022-04-24 08:11:30.247798+00,,"0",,,,,,,,,,,,,,,,,,,123456,1986-01-01,2016-04-01,12345,"",,,,,,,,,,,,,,,,,"0",,,,,,,,,9,,,,3,,,,,,6,,47,1,,,1,,5,1,5,,,,5,"0",1,"",50,
614,pbkdf2_sha256$180000$78QNzxKFhKtq$gvBDkyMdPD1Sp5N83HEHm7dHkrBghPEIlKl0kdWp+Sg=,,,email@36127,123456789kjfL,jkg,"",2022-04-24 19:37:43.217477+00,1,1,"",,2022-04-24 19:37:43.217617+00,,!(AbzNKrK4gLGUJaXHqnmVo7sY55yr,2022-04-24 19:37:43.382902+00,8222,1,,,654,146,,9,303,3,2,"0",public/no_image.png,email@87080,1,,,,,,1,,654,jkg,2022-04-24 19:37:43.180304+00,2022-04-24 19:37:57.222426+00,,"0",,,,,,,,,,,,,,,,,,,46409,1950-02-02,2022-04-06,2500,"",,,,,,,,,,,,,,,,,"0",,,,,,,,,146,,,,3,,,,,,6,,303,1,,,"0",,5,1,5,,,,,"0",1,"",50,
742,pbkdf2_sha256$180000$p2PDszwRTHCS$EHeNnfGklDLy1+9Me0/muwhfTS71LCjM+BWym6RfJ+g=,,,nodrivwr@yopmail.com,Aa123456@,No,"",2022-09-07 06:59:16.410688+00,1,1,"",,2022-09-07 06:59:16.410738+00,,nFYUME1L7JPU8GOlTD@8XV@0ZhVMR9,2022-09-07 06:59:16.534454+00,+97445534345,1,,,758,353,,9,632,3,1,,public/no_image.png,nodrivwr@yopmail.com,1,,,,,,1,,758,No Driver,2022-09-07 06:59:16.381903+00,2022-09-07 06:59:16.389484+00,,"0",,,,,,,,,,,,,,,,,,,438834438943,1995-02-06,2006-09-07,333,"",,,,,,,,,,,,,,,,,"0",,,,,,,,,353,,,,3,,,,,,6,,632,1,,,1,,5,1,5,,,,,"0",1,"",50,
743,pbkdf2_sha256$180000$GKhKPC6HtOke$hHyMis/HXFlE8euPX+28ED96sBUpOgOh17Zl/w8Dk0I=,2022-09-15 09:55:33.518731+00,,abc123@gmail.com,Abc123Abc123,xyz,"",2022-09-15 07:46:11.476584+00,1,1,"",,2022-09-15 07:46:11.476668+00,,K2FdbyFXB$VLpg(OP39R2MTHWV(L43,2022-09-15 07:46:11.605048+00,+97411233454,1,,,760,146,,9,303,3,1,,public/no_image.png,abc123@gmail.com,1,,facuQlI640uyi9f0QwjUvZ:APA91bEeUMDBz6OqcsTQfIXlybncvaxeaQ0E7rF2YXVBG_8nj6OnN-KnyR-zDulAexRShCvBXh22Cv00i5CNIRwU4M5z4QM-Ny4xfjIzmdKnLiVVho4BetIk9K8eIAocqhrVY3Yi_vH4,,,,1,,760,xyz,2022-09-15 07:46:11.437123+00,2022-09-16 14:30:05.651577+00,,"0",,,,,,,,,,,,,,,,,,,123456789,1994-12-01,2022-09-01,30000,"",,,,,,,,,,,,,,,,,"0",,,,,,,,,146,,,,3,,,,,,6,,743,1,,,1,,5,1,5,,,,16,"0",1,"",50,
450,pbkdf2_sha256$180000$SqrHllH2DnAk$ClGuu5avjYdKTMVeegwi1K2Tb1de42SuT8KldhQ0hnY=,,,email@2821,Aa123456,kulsoom,"",2022-02-15 08:03:24.79979+00,1,1,"",,2022-02-15 08:03:24.799873+00,,@mMP00lTsjQwsc7XsSAK1PBTr5SquS,2022-02-15 08:03:24.972312+00,47155,1,,,532,9,,9,47,3,1,"0",public/no_image.png,email@80872,1,,,,,,1,,532,kulsoom,2022-02-15 08:03:24.640178+00,2022-04-24 08:11:30.272866+00,,"0",,,,,,,,,,,,,,,,,,,46636,1950-02-01,2022-02-28,543,avatars/WhatsApp_Image_2022-02-13_at_11.43.52_AM_4.jpeg,,,,,,,,,,,,,,,,,"0",,,,,,,,,9,,,,3,,,,,,6,,47,1,,,"0",,5,1,5,,1,,,"0",1,"",50,
620,pbkdf2_sha256$180000$D7EzenHSnZZy$CdqR/jQOjGLtXN28Vt1lhGedY9s1H07GAxDVfpDTZoI=,2022-04-27 10:58:38.404123+00,,test235734545@yopmail.com,Aa123456@,ismadriver,"",2022-04-26 22:08:32.683028+00,1,1,"",,2022-04-26 22:08:32.683089+00,,H100t1JoPrfalIWkKfxseKk5LQ@kq6,2022-04-26 22:08:32.812706+00,+97477777700,1,,,658,146,,9,303,3,1,,public/no_image.png,test235734545@yopmail.com,1,,ccf-054d4tkNyr_EP1vNXj:APA91bH6-ruDwg8o9J2DiejanEDHsukB8acvrbbvKKzoMgr7DBCWRvBIOHy3SS-0aEhjKkiqeflQAC_6Zc7AI6QY_O5jP8QM3SJ5ERyEN5zYtQug3d7TvRaIG14unxQz3MLZADyHEz7u,,,,1,,658,ismadriver,2022-04-26 22:08:32.6507+00,2022-04-26 22:08:32.657776+00,,"0",,,,,,,,,,,,,,,,,,,123113,1950-02-01,2022-04-01,456789,"",,,,,,,,,,,,,,,,,"0",,,,,,,,,146,,,,4,,,,,,7,,303,1,,,1,,5,1,5,,,,,"0",1,"",50,
603,pbkdf2_sha256$180000$SgnuKLefYAEk$6/3sHq24S2nz6yCF/oeLMLSfcpOd++DPzxTIV6LWT/8=,,,mohyudd@jjj.com,Aa123456,pfg,"",2022-03-28 11:41:14.022024+00,1,1,"",,2022-03-28 11:41:14.022081+00,,LpwuHsTLDgm!8xNw2zsdW6BytqnwFv,2022-03-28 11:41:14.160843+00,+97412345679,1,,,632,146,,9,303,3,2,,public/no_image.png,mohyudd@jjj.com,1,,,,,,1,,632,pfg,2022-03-28 11:41:13.98705+00,2022-09-15 09:54:28.870608+00,,"0",,,,,,,,,,,,,,,,,,,"070897",1950-02-14,2022-03-02,700,"",,,,,,,,,,,,,,,,,"0",,,,,,,,,146,,,,3,,,,,,6,,303,1,,,2,,5,1,5,,,,16,"0",1,"",50,
727,pbkdf2_sha256$180000$TAAPyq7PQUEM$VGGEEAJkB4T6M89jNYHA7KvE8r17jfSctfd35UFUywY=,,,driver@yopmail.com,Awais123,dtrtr,"",2022-07-19 07:25:12.33798+00,1,1,"",,2022-07-19 07:25:12.338035+00,,MwXzDyZll@*h@ta!!r2C@os1Epa3nL,2022-07-19 07:25:12.464327+00,+97467566666,1,,,725,146,,9,303,3,2,,public/no_image.png,driver@yopmail.com,,,,,,,1,,725,dri,2022-07-19 07:25:12.304325+00,2022-09-15 09:52:48.380465+00,,"0",,,,,,,,,,,,,,,,,,,867677676767677676,1950-02-01,2022-07-22,6,"",,,,,,,,,,,,,,,,,"0",,,,,,,,,146,,,,3,,,,,,6,,303,1,,,"0",,5,1,5,,,,,"0",1,"",50,
570,pbkdf2_sha256$180000$4uXQMqgg14hT$WgAu5fF7O4WihkqtvHU4kF2Y4wlSLgleamRhV73KJsY=,,,email@93436,Driver@123,NewDriverforTesting,"",2022-03-22 05:13:51.298745+00,1,1,"",,2022-03-22 05:13:51.298813+00,,tg7S2uoQabj(0HfeM40$EEi(kNtQjI,2022-03-22 05:13:51.430163+00,31291,1,,,610,146,,9,303,3,1,"0",public/no_image.png,email@77404,1,,,,,,1,,610,NewDriverforTesting,2022-03-22 05:13:51.263988+00,2022-09-15 09:52:48.385073+00,,"0",,,,,,,,,,,,,,,,,,,14108,1950-02-15,2022-03-01,500,"",,,,,,,,,,,,,,,,,"0",,,,,,,,,146,,,,3,,,,,,6,,570,1,,,"0",,5,1,5,,,,,"0",1,"",50,
726,pbkdf2_sha256$180000$OEAhA5GJvkqX$Ycv1j1RtqiQTwH7mwl68xXUjOIJWbYDpDpb3GX288/M=,,,fdds@yopmail.comKdds@yopmail.comGdds@yopmail.comOdds@yopmail.compdds@yopmail.comadds@yopmail.compdds@yopmail.comJdds@yopmail.comRdds@yopmail.com0dds@yopmail.comsdds@yopmail.comUdds@yopmail.comvdds@yopmail.comudds@yopmail.comEdds@yopmail.comF,Aa12345678@,dvkln,"",2022-07-14 20:19:43.329121+00,1,1,"",,2022-07-14 20:19:43.329177+00,,Cp7Q7Tz4V)R5yDN8*Fd2vhL5WImr1x,2022-07-14 20:19:43.459557+00,+97499990000,1,,,720,146,,9,303,3,"0",,public/no_image.png,dds@yopmail.com,1,,,,,,1,,720,dvkln,2022-07-14 20:19:43.156826+00,2022-09-15 09:52:48.390689+00,,"0",,,,,,,,,,,,,,,,,,,8979,1950-02-07,2022-07-07,33,avatars/device_1.png,,,,,,,,,,,,,,,,,"0",,,,,,,,,146,,,,3,,,,,,6,,303,1,,,"0",,5,1,5,,,,,"0",1,"",50,
454,pbkdf2_sha256$180000$NirOX4QmHI9P$rZP/8tn0XRhfGT67PT0pbK/VpMLmkiFlfkYQH81ILDk=,,,email@80501,Aa123456,awais,"",2022-02-15 11:50:49.391448+00,1,1,"",,2022-02-15 11:50:49.39152+00,,3FIjl5TkVrwxQFC$*YTeQFAepNqxRm,2022-02-15 11:50:49.574433+00,65065,1,,,538,9,,9,47,3,1,"0",public/no_image.png,email@82784,1,,,,,,1,,538,awais driver,2022-02-15 11:50:49.354428+00,2022-04-24 08:11:30.27736+00,,"0",,,,,,,,,,,,,,,,,,,72658,1950-02-10,2022-02-25,867687,"",,,,,,,,,,,,,,,,,"0",,,,,,,,,9,,,,4,,,,,,8,,47,1,,,"0",,5,1,5,,1,,,"0",1,"",50,
451,pbkdf2_sha256$180000$bgra5qHDO1tZ$QRjYcSdibpqrrld/lUBphdd9iUGSIgXaC0rNg3WXec8=,,,ascasdad@asdas.com,Test@123,rtyuio,"",2022-02-15 10:44:18.170599+00,1,1,"",,2022-02-15 10:44:18.170671+00,,kpwJq!n!t)ePC5dcHMm8DB0JTP5y!j,2022-02-15 10:44:18.356315+00,+97487654234,1,,,534,226,,9,448,3,1,,public/no_image.png,ascasdad@asdas.com,1,,,,,,1,,534,rtyuio,2022-02-15 10:44:18.117631+00,2022-02-15 10:44:29.065701+00,,"0",,,,,,,,,,,,,,,,,,,56789,1950-02-13,2022-02-15,324,"",,,,,,,,,,,,,,,,,"0",,,,,,,,,226,,,,3,,,,,,7,,448,1,,,1,,5,1,5,,,,12,"0",1,"",50,
455,pbkdf2_sha256$180000$1pKwCwjGkPNT$hXNVRsdZKou2RaHVgsNYtrij/zdoJf5kzBT3W0519pY=,2022-02-20 20:02:13.867522+00,,email@52322,Aa123456,nagina,"",2022-02-16 07:16:45.791404+00,1,1,"",,2022-02-16 07:16:45.791481+00,, ,2022-02-16 07:16:45.959391+00,75934,1,,,542,9,,9,47,3,1,"0",public/no_image.png,email@69927,1,,,,,,,,542,nagina prod mirror,2022-02-16 07:16:45.62227+00,2022-04-24 08:11:30.282493+00,,"0",,,,,,,,,,,,,,,,,,,49712,1950-02-01,2022-02-23,45498,avatars/me_jcLjbCu.png,,,,,,,,,,,,,,,,,"0",,,,,,,,,9,,,,4,,,,,,6,,47,1,,,"0",,5,1,5,,1,,,"0",1,"",50,
490,pbkdf2_sha256$180000$iP3TcpjnnMlU$rmj6HGV/O7q1xfJIoZ58g70K9oUiv6sPVXtSvkTJWyE=,,,email@23598,Aa123456,aakash,"",2022-02-17 19:29:56.388404+00,1,1,"",,2022-02-17 19:29:56.388517+00,,Nof53uxlW!135CDSV0)cmIJup)i4d7,2022-02-17 19:29:56.576387+00,81174,1,,,548,9,,9,47,3,1,"0",public/no_image.png,email@50552,1,,,,,,1,,548,aakash,2022-02-17 19:29:56.340652+00,2022-04-24 08:11:30.287704+00,,"0",,,,,,,,,,,,,,,,,,,40332,1950-02-01,2022-02-03,576878,"",,,,,,,,,,,,,,,,,"0",,,,,,,,,9,,,,4,,,,,,8,,47,1,,,"0",,5,1,5,,,,,"0",1,"",50,
488,pbkdf2_sha256$180000$SX7AJvKn8ITQ$pHDlVKH/EKVS+WH3eAndrA+4+jXYRsXGSCXq1AMprfc=,2022-02-18 12:56:55.646435+00,,email@80941,Aa123456,aakash,"",2022-02-17 18:22:17.509769+00,1,1,"",,2022-02-17 18:22:17.509864+00,,Ik3!nsEzqQnWgq5n)KN)VO2s@)jqsY,2022-02-17 18:22:17.697926+00,63034,1,,,546,9,,9,47,3,1,"0",public/no_image.png,email@71518,1,,,,,,1,,546,aakash test,2022-02-17 18:22:17.440505+00,2022-04-24 08:11:30.292578+00,,"0",,,,,,,,,,,,,,,,,,,1716,1950-02-01,2022-02-17,101010,"",,,,,,,,,,,,,,,,,"0",,,,,,,,,9,,,,5,,,,,,8,,47,1,,,"0",,5,1,5,,,,,"0",1,"",50,
453,pbkdf2_sha256$180000$9pmhhbtn32lb$ZVtdi+v3+Cw0ROkJmY5+KZ0Ku+Zrwv2FPVHIaiznoKs=,,,email@89991,Aa123456,awais,"",2022-02-15 11:46:14.213668+00,1,1,"",,2022-02-15 11:46:14.213746+00,,pMDzPTVTccXohA*!VkkwKv7GC8B25W,2022-02-15 11:46:14.400561+00,58879,1,,,537,9,,9,47,3,1,"0",public/no_image.png,email@17265,1,,,,,,1,,537,awais,2022-02-15 11:46:14.169031+00,2022-04-24 08:11:30.297414+00,,"0",,,,,,,,,,,,,,,,,,,66544,1950-02-08,2022-02-21,4545,"",,,,,,,,,,,,,,,,,"0",,,,,,,,,9,,,,3,,,,,,6,,47,1,,,"0",,5,1,5,,1,,,"0",1,"",50,
489,pbkdf2_sha256$180000$QKnHFNep4irk$GGNwese1rfxt7sA6kWuYxN+bRZlpS30Zk8J5ewU6CCA=,2022-02-17 19:59:29.739552+00,,email@87501,Aa123456,salman,"",2022-02-17 18:26:58.466711+00,1,1,"",,2022-02-17 18:26:58.466792+00,,kAZ0VP9nI60Gw0ZJKNd@EWUBwQuHLg,2022-02-17 18:26:58.62275+00,28424,1,,,547,9,,9,47,3,1,"0",public/no_image.png,email@20454,1,,,,,,1,,547,salman testing,2022-02-17 18:26:58.396714+00,2022-04-24 08:11:30.302292+00,,"0",,,,,,,,,,,,,,,,,,,8783,1950-02-22,2022-02-09,1235467,"",,,,,,,,,,,,,,,,,"0",,,,,,,,,9,,,,4,,,,,,8,,47,1,,,"0",,5,1,5,,,,,"0",1,"",50,
605,pbkdf2_sha256$180000$qznYei2Puf4A$50gqnGi/uievNlg4CpAUrKXqtfaNl0K2Fn46tMYrjlo=,2022-05-20 05:47:49.244173+00,,dailytestdriver@yopmail.com,Driver@123,DailyTestDriver,"",2022-04-04 04:58:42.578327+00,1,1,"",,2022-04-04 04:58:42.578384+00,, ,2022-04-04 04:58:42.710654+00,+97434343222,1,,,637,146,,9,303,3,1,,public/no_image.png,dailytestdriver@yopmail.com,1,,eJfEQh_bTDu9aET3upWihw:APA91bFXnEfU3x9GMy7g4bgqR2CZelSCRB0hmhItrHWLJz6VwfKPiShQk8bhRJEUqKNTUmppcOQgyJ92BvC4sSQoTqh2x-dt8pRYFAT9nWEmZMvumUcyg9PX-PylLtWnSOItsok3-hbL,,,,,,637,DailyTestDriver,2022-04-04 04:58:42.54194+00,2022-09-15 09:54:28.875037+00,,"0",,,,,,,,,,,,,,,,,,,22222222222222,1950-02-17,2022-04-04,3333,"",,,,,,,,,,,,,,,,,"0",,,,,,,,,146,,,,3,,,,,,6,,303,1,,,1,,5,1,5,,,,16,"0",1,"",50,
748,pbkdf2_sha256$180000$JALWDDT52EEJ$5dySZhjNqBzdxz298tT6FuaULzS1tghEyhttrtOC2ko=,,,driverprod1@yopmail.com,Aa123456789@,Prod,"",2022-09-22 02:32:05.855455+00,1,1,"",,2022-09-22 02:32:05.855509+00,,VtOgcKQlGvhqup$DeiDDExmTtt9XXJ,2022-09-22 02:32:06.024424+00,+97497327958,1,,,764,146,,9,303,3,1,,public/no_image.png,driverprod1@yopmail.com,1,,,,,,1,,764,Prod,2022-09-22 02:32:05.809789+00,2022-09-22 02:32:05.824141+00,,"0",,,,,,,,,,,,,,,,,,,5653,1950-02-01,2022-09-01,1237,"",,,,,,,,,,,,,,,,,"0",,,,,,,,,146,,,,4,,,,,,7,,303,1,,,1,,5,1,5,,,,16,"0",1,"",50,
729,pbkdf2_sha256$180000$kvgo40xfaeF1$HefiZumS78RI7fknqH9PKgasBpSlecbLkQT7aFm0aHI=,2022-08-03 10:33:06.859806+00,,mohiyodriver@yopmail.com,Aa123456@,Mohiyo,"",2022-08-03 10:26:27.244218+00,1,1,"",,2022-08-03 10:26:27.244306+00,,p0IuosSfiZYlyLGY8jf(zaqONaI)Y2,2022-08-03 10:26:27.403283+00,+97465555555,1,,,738,146,,9,303,3,1,,public/no_image.png,mohiyodriver@yopmail.com,1,,deT0exlZSFiAm2SP2SpQXU:APA91bEPTAn9liU6p6ldXNxGvXnRfAnDWvcB1y061AOiU_5k3L60njhCvLScbjxsUXZrQPB3qxFDp5Gb5zTe8EoIzHDZxo_dQmRscct54xL2K9a5RWXRJPVs_6IUjWCEhK_ezJGqGt3U,,,,1,,738,Mohiyo Driver,2022-08-03 10:26:27.205975+00,2022-09-15 09:52:48.398438+00,,"0",,,,,,,,,,,,,,,,,,,"0176",1950-02-13,2022-08-01,999,"",,,,,,,,,,,,,,,,,"0",,,,,,,,,146,,,,4,,,,,,7,,729,1,,,"0",,5,1,5,,1,,,"0",1,"",50,
631,pbkdf2_sha256$180000$YGMUAKH89CsN$brzvnMwO0sICne7EzkU0oJ4oh0GVTPMwTol+uvkMwK8=,2022-05-24 15:05:41.542237+00,,email@55206,Aa123456,Sajad,"",2022-05-24 15:02:05.630538+00,1,1,"",,2022-05-24 15:02:05.630604+00,,MODvRGqcomwctJeOZROLJwP!bax5kz,2022-05-24 15:02:05.771321+00,10898,1,,,668,9,,9,47,3,2,"0",public/no_image.png,email@90214,,,,,,,1,,668,Sajad,2022-05-24 15:02:05.59211+00,2022-08-14 09:23:26.399227+00,,"0",,,,,,,,,,,,,,,,,,,88258,1950-02-06,2022-05-17,4555,"",,,,,,,,,,,,,,,,,"0",,,,,,,,,9,,,,3,,,,,,6,,47,1,,,"0",,5,1,5,,,,5,"0",1,"",50,
700,pbkdf2_sha256$180000$iriKd7VKnwlx$iOy3CvCaCfy3bTXBU5Sipk5bB54aRhKKRFwCtqOCWDk=,,,email@53247,Aa123456@,fgPDGJKB,"",2022-06-08 14:04:41.485271+00,1,1,"",,2022-06-08 14:04:41.485337+00,,AfRIFC)yGZnA@zFKFOehOZRfdR9X2L,2022-06-08 14:04:41.650886+00,28226,1,,,687,146,,9,303,3,1,"0",public/no_image.png,email@72395,,,,,,,1,,687,Banana,2022-06-08 14:04:41.449551+00,2022-09-15 09:52:48.525821+00,,"0",,,,,,,,,,,,,,,,,,,10270,1950-02-07,2022-06-09,22,"",,,,,,,,,,,,,,,,,"0",,,,,,,,,146,,,,3,,,,,,6,,303,1,,,"0",,5,1,5,,,,,"0",1,"",50,
633,pbkdf2_sha256$180000$BRQIPiQEBPat$WqUc2CJwIDPJu4I4XRVrtAyVMmPCaDgvrw+fgY/caIw=,,,azuredriver01@yopmail.com,Aa123456@,azureDriver,"",2022-05-24 22:55:57.722889+00,1,1,"",,2022-05-24 22:55:57.722949+00,,VSkWCjNh(SJuRhyjwBZM3H5WmkxTuL,2022-05-24 22:55:57.848991+00,+97401928374,1,,,673,353,,9,632,3,1,,public/no_image.png,azuredriver01@yopmail.com,1,,,,,,1,,673,azureDriver,2022-05-24 22:55:57.687755+00,2022-05-25 00:28:12.550412+00,,"0",,,,,,,,,,,,,,,,,,,333,1950-02-06,2022-05-17,33444,"",,,,,,,,,,,,,,,,,"0",,,,,,,,,353,,,,3,,,,,,6,,632,1,,,1,,5,1,5,,,,18,"0",1,"",50,
630,pbkdf2_sha256$180000$Q1OyX3j5CZAY$LOhPgumxufRdvUmvVgRm3sRBiZZqMDAkyETjrQei8Yg=,2022-05-18 12:39:53.135654+00,,testdriver69@yopmail.com,Support@123,Testdriver,"",2022-05-18 12:38:54.573758+00,1,1,"",,2022-05-18 12:38:54.573819+00,,THF631wByeYDmpRDGgm@N5uBKqvpWj,2022-05-18 12:38:54.698524+00,+97499966666,1,,,667,146,,9,303,3,2,,public/no_image.png,testdriver69@yopmail.com,1,,eJfEQh_bTDu9aET3upWihw:APA91bFXnEfU3x9GMy7g4bgqR2CZelSCRB0hmhItrHWLJz6VwfKPiShQk8bhRJEUqKNTUmppcOQgyJ92BvC4sSQoTqh2x-dt8pRYFAT9nWEmZMvumUcyg9PX-PylLtWnSOItsok3-hbL,,,,1,,667,Testdriver,2022-05-18 12:38:54.536347+00,2022-09-15 09:54:28.87959+00,,"0",,,,,,,,,,,,,,,,,,,3333333,1950-02-09,2022-05-17,111,"",,,,,,,,,,,,,,,,,"0",,,,,,,,,146,,,,3,,,,,,6,,303,1,,,2,,5,1,5,,,,16,"0",1,"",50,
641,pbkdf2_sha256$180000$fbTnoByH8cJp$+r+xJ6HXVsSoneIgWodDy32HmIMCdRaetcxl7cR1OKg=,2022-05-25 00:57:13.517778+00,,testdriverpvtazurefunc@mailinator.com,123456@Sm,Test,"",2022-05-25 00:55:20.36632+00,1,1,"",,2022-05-25 00:55:20.366386+00,,x0RUUeZm!wcNhYs84tReqlczYqP*kK,2022-05-25 00:55:20.484734+00,+97470899229,1,,,682,9,,9,47,3,2,,public/no_image.png,testdriverpvtazurefunc@mailinator.com,,,eXSu3C6nSU5FlTlDyCw1Tg:APA91bFcaE4fCZBkYxGXd6LuzRl3oe7Da5YWyJW9jaO2BtHvUCN_Lgji-GooXjlGK5qt2oBowa301taNCF5wfWeuxkF66U7t9JbCS84-D1hyUJfSk_R_cmHbuhWb-z_qzTurlDCiDn4k,,,,1,,682,Test Driver PVT,2022-05-25 00:55:20.325306+00,2022-08-19 08:28:20.020007+00,,"0",,,,,,,,,,,,,,,,,,,13982490,1950-02-16,2022-05-18,10000,"",,,,,,,,,,,,,,,,,"0",,,,,,,,,9,,,,3,,,,,,8,,47,1,,,1,,5,1,5,,1,,17,"0",1,"",50,
711,pbkdf2_sha256$180000$ypfHoH4ATfKk$NuMcwMEIU17UFGQRhXFKZJkCNijBwSt+xIO4hhEHjf4=,,,email@48032,Aa123456@,jj,"",2022-06-16 07:26:17.055331+00,1,1,"",,2022-06-16 07:26:17.055426+00,,w$GAH!LdgCmcx)l7nI!WP$iyvvkXYo,2022-06-16 07:26:17.184218+00,41600,1,,,695,146,,9,303,3,1,"0",public/no_image.png,email@7207,1,,,,,,1,,695,jj,2022-06-16 07:26:17.015942+00,2022-06-16 07:26:31.35108+00,,"0",,,,,,,,,,,,,,,,,,,30506,1950-02-01,2022-06-09,55,"",,,,,,,,,,,,,,,,,"0",,,,,,,,,146,,,,5,,,,,,6,,303,1,,,"0",,5,1,5,,,,,"0",1,"",50,
735,pbkdf2_sha256$180000$oiZVG10cqUJl$t61IwO92vWo+yZAJXTlZvT/gQTe1zCx1l7vb3IGRFQ8=,2022-08-11 08:01:32.961+00,,testdrivertest@mailinator.com,123456@Sm,Test,"",2022-08-11 07:43:05.21689+00,1,1,"",,2022-08-11 07:43:05.216948+00,,T4jEgjHefNM(uVvVcfZXEJ$hmF77ub,2022-08-11 07:43:05.35988+00,+97470899301,1,,,746,9,,9,47,3,2,,public/no_image.png,testdrivertest@mailinator.com,1,,eXSu3C6nSU5FlTlDyCw1Tg:APA91bFcaE4fCZBkYxGXd6LuzRl3oe7Da5YWyJW9jaO2BtHvUCN_Lgji-GooXjlGK5qt2oBowa301taNCF5wfWeuxkF66U7t9JbCS84-D1hyUJfSk_R_cmHbuhWb-z_qzTurlDCiDn4k,,,,1,,746,Test Shivang,2022-08-11 07:43:05.17192+00,2022-08-18 09:51:06.641178+00,,"0",,,,,,,,,,,,,,,,,,,21391480,1950-02-14,2022-08-26,12000,"",,,,,,,,,,,,,,,,,"0",,,,,,,,,9,,,,3,,,,,,8,,735,1,,,2,,5,1,5,,,,,"0",1,"",50,
739,pbkdf2_sha256$180000$hy1EvRcsI7fc$DBFv0eZ0v+HPn/xQWxURoCLh4tAtkcM+YVHyN5liv28=,,,abc@gmail.com,Beontop@1122,Abc,"",2022-08-31 09:39:30.365874+00,1,1,"",,2022-08-31 09:39:30.365924+00,,D6yXroOHC5BUGS1oZffHji)6FBz0an,2022-08-31 09:39:30.500975+00,+97411221122,1,,,754,146,,9,303,3,2,,public/no_image.png,abc@gmail.com,1,,,,,,1,,754,Abc,2022-08-31 09:39:30.335658+00,2022-09-15 09:54:28.884042+00,,"0",,,,,,,,,,,,,,,,,,,12345,1990-02-01,2022-08-01,50000,"",,,,,,,,,,,,,,,,,"0",,,,,,,,,146,,,,3,,,,,,6,,303,1,,,2,,5,1,5,,,,16,"0",1,"",50,
753,pbkdf2_sha256$180000$DMDk0RcUCt8q$Qp8adnCMWudRwwhsIlfToGpOUBcQw8jua6SFUwcHoEc=,,,email@97681,Aa123456@,testHassanDriverPpvt,"",2022-09-23 08:22:01.108329+00,1,1,"",,2022-09-23 08:22:01.108379+00,,Q*)(BUArQtyigu5wmbX*PoIdLXWW1v,2022-09-23 08:22:01.278786+00,13995,1,,,782,9,,9,47,3,2,"0",public/no_image.png,email@83448,,,,,,,1,,782,testHassanDriverPpvt,2022-09-23 08:22:01.074926+00,2022-09-23 08:22:34.070145+00,,"0",,,,,,,,,,,,,,,,,,,75851,1950-02-06,2022-09-13,3456643,"",,,,,,,,,,,,,,,,,"0",,,,,,,,,9,,,,4,,,,,,8,,47,1,,,"0",,5,1,5,,,,,"0",1,"",50,
754,pbkdf2_sha256$180000$0qzmKLnaqJy3$LdZIwrsBI2b2eyeo6W+ynoSyEzb83pZ/TfBM3CCu9lA=,,,email@3089,Aa123456@,driver,"",2022-09-23 08:27:12.763383+00,1,1,"",,2022-09-23 08:27:12.763473+00,,EF$sCoP)cLFbz0aV4C83NS7cF91$)c,2022-09-23 08:27:12.89171+00,14270,1,,,783,9,,9,47,3,2,"0",public/no_image.png,email@91910,1,,,,,,1,,783,driver hassan ppvt,2022-09-23 08:27:12.702289+00,2022-09-23 08:28:13.441797+00,,"0",,,,,,,,,,,,,,,,,,,74373,1950-02-01,2022-09-15,346476,"",,,,,,,,,,,,,,,,,"0",,,,,,,,,9,,,,4,,,,,,6,,47,1,,,"0",,5,1,5,,,,,"0",1,"",50,
815,pbkdf2_sha256$180000$i3fr2ECgxSHj$SovSLM1EnLaSEDq2kJ6qEJtYuRTgtw0xJEjMKGe6kKY=,,,nouman.khan@yopmail.com,Aa123456@,nouman,"",2022-10-02 12:20:42.727898+00,1,1,"",,2022-10-02 12:20:42.727949+00,,2OCiAw9HJo861K394zmC)Dh$1k60uj,2022-10-02 12:20:42.846024+00,+97411122334,1,,,798,146,,9,303,3,1,,public/no_image.png,nouman.khan@yopmail.com,1,,,,,,1,,798,nouman,2022-10-02 12:20:42.700959+00,2022-10-02 12:20:42.707744+00,,"0",,,,,,,,,,,,,,,,,,,1234578,1963-02-13,2022-10-01,12345,"",,,,,,,,,,,,,,,,,"0",,,,,,,,,146,,,,3,,,,,,6,,303,1,,,1,,5,1,5,,,,16,"0",1,"",50,
816,pbkdf2_sha256$180000$Zg92LFNGNG14$csp37R47x0VX85M+iM3QospV6kRLlp5avT13v/X2Y38=,2022-10-02 12:36:08.449173+00,,tariq.ali@yopmail.com,Aa1234567@,tariq,"",2022-10-02 12:34:13.971071+00,1,1,"",,2022-10-02 12:34:13.971121+00,,@7708Y$@Z8)LYB5@3HeyTdP(!PITH@,2022-10-02 12:34:14.090884+00,+97459976590,1,,,800,146,,9,303,3,1,,public/no_image.png,tariq.ali@yopmail.com,1,,e1x-xN-6JEO2hayUW1kyoN:APA91bG9NA2iMeEa25gPINKvMYJEUBKMnjDlc55EYpUQUXBv-c_J3hjD7Uv78fP3ER5eRWASBgEO4G3_Z8d_VqwsyZVZj5Y3AKFvtwM5gRGNBGq7x4MXWHdFkuQp6A2YtIGtpkWiPXm0,,,,1,,800,tariq,2022-10-02 12:34:13.936693+00,2022-10-02 12:34:13.944314+00,,"0",,,,,,,,,,,,,,,,,,,889799,1950-02-16,2022-10-13,8798,"",,,,,,,,,,,,,,,,,"0",,,,,,,,,146,,,,3,,,,,,6,,303,1,,,1,,5,1,5,,,,16,"0",1,"",50,
828,pbkdf2_sha256$180000$3FlwRFfYjGzz$3BI73l17aPXrvqgnORCxHdSOJcW8PIHuyQlXnpHbwIg=,,,driverdriver123@yopmail.com,123456AAAAq,abc,"",2022-10-18 20:40:26.591792+00,1,1,"",,2022-10-18 20:40:26.591854+00,,PlR2kod@Y)by*iVNHDkjPe*E$N$v4t,2022-10-18 20:40:26.725234+00,+97412345568,1,,,806,146,,9,303,3,1,,public/no_image.png,driverdriver123@yopmail.com,1,,,,,,1,,806,abc,2022-10-18 20:40:26.559237+00,2022-10-18 20:40:26.567408+00,,"0",,,,,,,,,,,,,,,,,,,123,1950-02-28,2022-10-18,20000,"",,,,,,,,,,,,,,,,,"0",,,,,,,,,146,,,,3,,,,,,6,,303,1,,,1,,5,1,5,,,,16,"0",1,"",50,
831,pbkdf2_sha256$180000$6U2x288IwEXi$oSUjHIGo8YpXJkOZsesAWxEja0pVNquIji8ymvaytRs=,,,faraaz@yopmail.com,Aa123456@,faraz,"",2022-10-25 06:35:16.127749+00,1,1,"",,2022-10-25 06:35:16.127808+00,,Nc(3t4mns6h*8Yccviy88g6WgWOESg,2022-10-25 06:35:16.253804+00,+97432323232,1,,,813,353,,9,632,3,1,,public/no_image.png,faraaz@yopmail.com,1,,,,,,1,,813,faraz,2022-10-25 06:35:16.086841+00,2022-10-25 06:35:16.102184+00,,"0",,,,,,,,,,,,,,,,,,,282832,1950-02-01,2022-10-01,2333,"",,,,,,,,,,,,,,,,,"0",,,,,,,,,353,,,,3,,,,,,7,,632,1,,,1,,5,1,5,,,,18,"0",1,"",50,
832,pbkdf2_sha256$180000$MvZMzBE77Nup$Hts9MfD2jmejy73UeiQWJGlHjjrw+pRsuqIkIbrFNks=,2022-10-31 07:17:51.845578+00,,dsushd8ud87dhsdh@jhdjshdjsh.dsjd,Aa123456@,xbhdsn,"",2022-10-31 07:16:38.808294+00,1,1,"",,2022-10-31 07:16:38.808354+00,,X*mO0o$aFhXqW5pbiHD0vWP110Q$nk,2022-10-31 07:16:38.938271+00,+97476765555,1,,,815,146,,9,303,3,1,,public/no_image.png,dsushd8ud87dhsdh@jhdjshdjsh.dsjd,1,,eYNSscrBTraXgmMhBp7elQ:APA91bGeQm0qjasjK1w2la6xq1pfpLdYg6CRKGxz9pa3OCyZzniIKmjuxuBYMSvzNFyRY8vO-RZeol9-RTkEcXHmck4ncvDdHbexxe-vxMXkL6NXPqyO2mVmF_9lfjAHgj2FBe3XZ0hb,,,,1,,815,xbhdsn,2022-10-31 07:16:38.773916+00,2022-10-31 07:16:38.786172+00,,"0",,,,,,,,,,,,,,,,,,,47637463,1950-02-01,2022-10-08,54756476,"",,,,,,,,,,,,,,,,,"0",,,,,,,,,146,,,,4,,,,,,7,,303,1,,,1,,5,1,5,,,,16,"0",1,"",50,
833,pbkdf2_sha256$180000$a5immQPYZxnn$peiiJ022QJn8kzWmuwXHlPq9U03Bg3DWypfSJGdb4HY=,,,sdssds@dsd.com,Support@123,chxchxcbcxnbcb,"",2022-10-31 07:19:40.540946+00,1,1,"",,2022-10-31 07:19:40.540999+00,,5Voezn6HdqJQeI@iGA2t)1yFLdjXj8,2022-10-31 07:19:40.651298+00,+97465656565,1,,,816,146,,9,303,3,1,,public/no_image.png,sdssds@dsd.com,1,,,,,,1,,816,chxchxcbcxnbcb,2022-10-31 07:19:40.509286+00,2022-10-31 07:19:40.517806+00,,"0",,,,,,,,,,,,,,,,,,,67676767,1950-02-01,2022-10-07,34343,"",,,,,,,,,,,,,,,,,"0",,,,,,,,,146,,,,3,,,,,,6,,303,1,,,1,,5,1,5,,,,16,"0",1,"",50,
835,pbkdf2_sha256$180000$FVVspGLFg6wC$3UIW7Aqmp49FEQSIPGTGGin/tcSzb9jFUUAaDNzCew8=,2022-11-09 11:44:25.702928+00,,jj@yopmail.com,Aa123456@,lkg,"",2022-11-09 11:42:58.89261+00,1,1,"",,2022-11-09 11:42:58.892666+00,,1P)*vDH)@Hj)2nV$iPX9qA$B2PeSe),2022-11-09 11:42:59.012735+00,+97434567821,1,,,819,146,,9,303,3,1,,public/no_image.png,jj@yopmail.com,1,,eYNSscrBTraXgmMhBp7elQ:APA91bGeQm0qjasjK1w2la6xq1pfpLdYg6CRKGxz9pa3OCyZzniIKmjuxuBYMSvzNFyRY8vO-RZeol9-RTkEcXHmck4ncvDdHbexxe-vxMXkL6NXPqyO2mVmF_9lfjAHgj2FBe3XZ0hb,,,,1,,819,lkg,2022-11-09 11:42:58.861729+00,2022-11-09 11:42:58.86949+00,,"0",,,,,,,,,,,,,,,,,,,87589,1950-02-06,2022-11-08,77,"",,,,,,,,,,,,,,,,,"0",,,,,,,,,146,,,,5,,,,,,8,,303,1,,,1,,5,1,5,,,,16,"0",1,"",50,
837,pbkdf2_sha256$180000$mCW5MpIvNmjB$3kzGZx2TJQitLLvwVTYwqhJCgBbASQs+InAU4y5vG+I=,,,devteamdriver@yopmail.com,Aa1234567@,DevDriver,"",2022-11-11 05:40:08.362447+00,1,1,"",,2022-11-11 05:40:08.362507+00,,dzY*Uh1MHauAfvKaZ0IBNQminBpu(m,2022-11-11 05:40:08.482466+00,+97476756567,1,,,820,3681,,9,836,3,1,,public/no_image.png,devteamdriver@yopmail.com,1,,,,,,1,,820,DevDriver,2022-11-11 05:40:08.327577+00,2022-11-11 05:40:08.334529+00,,"0",,,,,,,,,,,,,,,,,,,34567,1950-02-02,2022-11-04,23233,"",,,,,,,,,,,,,,,,,"0",,,,,,,,,3681,,,,3,,,,,,6,,836,1,,,1,,5,1,5,,,,,"0",1,"",50,
840,pbkdf2_sha256$180000$pGdZcVaBYCnf$OHkqoj2ML48a6mnxiHd488w/uhYjwjGSIq0ep8bCjZ0=,,,fmsreviewdriver@yopmail.com,Aa123456@,DriverReview,"",2022-11-11 07:45:56.266604+00,1,1,"",,2022-11-11 07:45:56.266658+00,,gbL5hjvc32PLFUs(pu4yPmPtBD*abU,2022-11-11 07:45:56.38736+00,+97487756664,1,,,821,3681,,9,836,3,1,,public/no_image.png,fmsreviewdriver@yopmail.com,1,,,,,,1,,821,DriverReview,2022-11-11 07:45:56.236639+00,2022-11-11 07:45:56.243511+00,,"0",,,,,,,,,,,,,,,,,,,456565,1950-02-01,2022-11-04,667,"",,,,,,,,,,,,,,,,,"0",,,,,,,,,3681,,,,4,,,,,,7,,836,1,,,1,,5,1,5,,,,,"0",1,"",50,
844,pbkdf2_sha256$180000$3GX7CofvVB6s$2mSXjBZx6xeIw/bxhgn18znOUJdic1DZRZEKTNfwmew=,,,aliya@yopmail.com,Aa123456@,Aliya,"",2022-11-13 07:06:49.272736+00,1,1,"",,2022-11-13 07:06:49.272795+00,,Lb54@o9cWbApb4ib3MQSA@AlpjIRWG,2022-11-13 07:06:49.391948+00,+97446363636,1,,,841,3685,,9,839,3,1,,public/no_image.png,aliya@yopmail.com,,,,,,,1,,841,Aliya,2022-11-13 07:06:49.113153+00,2022-11-16 20:30:05.140477+00,,"0",,,,,,,,,,,,,,,,,,,115,1991-04-10,2020-04-01,350000,avatars/3220315_ILX7OTL.png,,,,,,,,,,,,,,,,,"0",,,,,,,,,3685,,,,4,,,,,,6,,844,1,,,1,,5,1,5,,,,20,"0",1,"",50,
855,pbkdf2_sha256$180000$UL69qM64ETsN$Jlh3dx63yqtINEgNi6fbk+fLmVtX9Z+ECj2KF2Lqhbc=,,,juip@yopmail.com,Aa123456@,juip,"",2022-11-17 10:15:25.407139+00,1,1,"",,2022-11-17 10:15:25.407207+00,,p6Zgl*qIsCJSdXVB6opQ5S)J63NcBA,2022-11-17 10:15:25.539995+00,+97432489328,1,,,863,3755,,9,851,3,1,,public/no_image.png,juip@yopmail.com,1,,,,,,1,,863,juip,2022-11-17 10:15:25.011857+00,2022-11-17 10:15:25.031285+00,,"0",,,,,,,,,,,,,,,,,,,4239,1994-02-02,2022-11-02,389023,avatars/3220315_sccC7FN.png,,,,,,,,,,,,,,,,,"0",,,,,,,,,3755,,,,4,,,,,,6,,851,1,,,1,,5,1,5,,1,,22,"0",1,"",50,
845,pbkdf2_sha256$180000$viQp5S8T7n4O$oqVrQYy2zY4+QtxWVnaMyp9RZV6L2/lzknt7sCUUSuU=,,,karam@yopmail.com,Aa123456@,Karam,"",2022-11-13 07:08:27.573953+00,1,1,"",,2022-11-13 07:08:27.574013+00,,"0NdFvtN*w4mN41axOGMEkzBdWXJ(W3",2022-11-13 07:08:27.856455+00,+97436436346,1,,,842,3685,,9,839,3,1,,public/no_image.png,karam@yopmail.com,1,,,,,,1,,842,Karam,2022-11-13 07:08:27.440137+00,2022-11-17 04:30:05.584544+00,,"0",,,,,,,,,,,,,,,,,,,118,1989-06-13,2021-11-11,45000,avatars/images.png,,,,,,,,,,,,,,,,,"0",,,,,,,,,3685,,,,5,,,,,,8,,845,1,,,1,,5,1,5,,,,21,"0",1,"",50,
843,pbkdf2_sha256$180000$g2EkHOTw0Kfi$Xj3kPMFcnZi30AOy9Obl7qAWwHdYzBo9kC1c/Evfdtg=,,,abdul@yopmail.com,Aa123456@,Abdul,"",2022-11-13 07:05:17.16226+00,1,1,"",,2022-11-13 07:05:17.162321+00,,bvXF0lT$5b*16*L0mWtj)r(I4jCFoi,2022-11-13 07:05:17.288802+00,+97436547356,1,,,840,3685,,9,839,3,1,,public/no_image.png,abdul@yopmail.com,1,,,,,,1,,840,Abdul Salam,2022-11-13 07:05:17.003072+00,2022-11-14 12:30:05.336094+00,,"0",,,,,,,,,,,,,,,,,,,113,1988-02-02,2019-04-02,200000,avatars/3048127.png,,,,,,,,,,,,,,,,,"0",,,,,,,,,3685,,,,3,,,,,,6,,843,1,,,1,,5,1,5,,,,20,"0",1,"",50,
852,pbkdf2_sha256$180000$LYe2zJ8VdUqp$fKwj25PIQtlneIRjFqslvSeUclbssz1Xn6HhFeYt9mk=,,,raza@yopmail.com,Aa123456@,raza,"",2022-11-17 09:58:56.900536+00,1,1,"",,2022-11-17 09:58:56.900589+00,,5sZ)h18Mc7sUirDPguN5qW3Z$UScPE,2022-11-17 09:58:57.007873+00,+97498492304,1,,,855,3755,,9,851,3,1,,public/no_image.png,raza@yopmail.com,1,,,,,,1,,855,raza,2022-11-17 09:58:56.874754+00,2022-11-17 09:59:16.006303+00,,"0",,,,,,,,,,,,,,,,,,,2839,1988-02-03,2022-11-02,32131209,"",,,,,,,,,,,,,,,,,"0",,,,,,,,,3755,,,,3,,,,,,8,,851,1,,,1,,5,1,5,,,,22,"0",1,"",50,
